date,Open,High,Low,Close,Change,Volume,TTM P_E Ratio_NZZH_JSZB,Index Points_NZZH_JSZB,Percentile_NZZH_JSZB
2022-06-21,10974.05,11164.99,10974.05,11069.3,0.0251,4674343600,27.19,11607.62,25.76
2022-06-22,10941.95,11216.77,10938.06,11053.08,-0.0015,4637866000,27.19,11607.62,25.76
2022-06-23,11137.68,11260.27,11046.29,11232.19,0.0162,4682852200,27.19,11607.62,25.76
2022-06-24,11351.31,11613.23,11337.78,11607.62,0.0334,8953052900,27.19,11607.62,25.76
2022-06-27,11661.02,11677.49,11487.07,11524.55,-0.0072,4535387100,27.19,11607.62,25.76
2022-06-28,11542.24,11635.86,11177.68,11181.54,-0.0298,4859993700,27.19,11607.62,25.76
2022-06-29,11160.22,11226.33,11072.19,11177.89,-0.0003,5096810200,27.19,11607.62,25.76
2022-06-30,11048.25,11160.92,10850.01,11028.74,-0.0133,4921880200,27.19,11607.62,25.76
2022-07-01,11006.83,11132.55,10922.71,11127.85,0.009,4196464400,26.01,11127.85,22.03
2022-07-05,10964.18,11323.9,10911.45,11322.24,0.0175,4402043300,26.01,11127.85,22.03
2022-07-06,11337.9,11443.15,11250.32,11361.85,0.0035,4263284600,26.01,11127.85,22.03
2022-07-07,11422.6,11644.47,11412.88,11621.35,0.0228,4203588300,26.01,11127.85,22.03
2022-07-08,11503.61,11689.7,11479.77,11635.31,0.0012,822604100,27.23,11635.31,26.02
2022-07-11,11524.49,11541.1,11348.06,11372.6,-0.0226,3892114800,27.23,11635.31,26.02
2022-07-12,11420.89,11483.17,11207.08,11264.73,-0.0095,3753647000,27.23,11635.31,26.02
2022-07-13,11056.55,11325.67,11031.27,11247.58,-0.0015,3811050600,27.23,11635.31,26.02
2022-07-14,11151.21,11279.97,11005.93,11251.19,0.0003,3905266100,27.23,11635.31,26.02
2022-07-15,11379.36,11454.69,11295.33,11452.42,0.0179,3837316500,26.74,11452.42,24.32
2022-07-18,11561.64,11629.03,11322.84,11360.05,-0.0081,4546750400,26.74,11452.42,24.32
2022-07-19,11515.0,11721.22,11448.97,11713.15,0.0311,4820621400,26.74,11452.42,24.32
2022-07-20,11726.09,11939.96,11703.36,11897.65,0.0158,4851929200,26.74,11452.42,24.32
2022-07-21,11914.15,12060.59,11812.72,12059.61,0.0136,4120350600,26.74,11452.42,24.32
2022-07-22,12025.37,12093.02,11767.19,11834.11,-0.0187,4188897000,27.41,11834.11,26.86
2022-07-25,11837.96,11855.11,11707.53,11782.67,-0.0043,3881710900,27.41,11834.11,26.86
2022-07-26,11701.53,11711.31,11533.37,11562.57,-0.0187,3911309700,27.41,11834.11,26.86
2022-07-27,11756.19,12081.73,11718.38,12032.42,0.0406,4031228100,27.41,11834.11,26.86
2022-07-28,12036.48,12179.09,11886.67,12162.59,0.0108,4381584400,27.41,11834.11,26.86
2022-07-29,12239.69,12426.26,12181.13,12390.69,0.0188,4360470200,29.57,12390.69,37.46
2022-08-01,12317.96,12499.72,12271.98,12368.98,-0.0018,3859976200,29.57,12390.69,37.46
2022-08-02,12287.67,12503.34,12260.48,12348.76,-0.0016,4198294600,29.57,12390.69,37.46
2022-08-03,12433.87,12699.64,12425.21,12668.16,0.0259,5145671700,29.57,12390.69,37.46
2022-08-04,12675.04,12736.19,12600.78,12720.58,0.0041,4968196800,29.57,12390.69,37.46
2022-08-05,12538.8,12720.44,12525.77,12657.55,-0.005,4385223200,31.12,12657.55,47.29
2022-08-08,12703.72,12855.15,12597.75,12644.46,-0.001,4740856600,31.12,12657.55,47.29
2022-08-09,12557.49,12582.91,12438.86,12493.93,-0.0119,4866342600,31.12,12657.55,47.29
2022-08-10,12793.44,12861.44,12698.61,12854.8,0.0289,4635223600,31.12,12657.55,47.29
2022-08-11,12944.82,13026.24,12760.09,12779.91,-0.0058,5289500300,31.12,12657.55,47.29
2022-08-12,12866.31,13047.19,12821.22,13047.19,0.0209,4369367000,31.98,13047.19,51.36
2022-08-15,12996.63,13146.06,12993.78,13128.05,0.0062,4101916600,31.98,13047.19,51.36
2022-08-16,13082.64,13181.09,12979.24,13102.55,-0.0019,4580343900,31.98,13047.19,51.36
2022-08-17,12968.63,13053.51,12863.01,12938.12,-0.0125,4731570200,31.98,13047.19,51.36
2022-08-18,12937.79,13002.66,12873.49,12965.34,0.0021,4329089900,31.98,13047.19,51.36
2022-08-19,12832.27,12859.01,12674.87,12705.21,-0.0201,4181160900,31.12,12705.21,47.46
2022-08-22,12523.16,12538.55,12353.73,12381.57,-0.0255,3835893200,31.12,12705.21,47.46
2022-08-23,12380.37,12490.85,12352.03,12381.3,0.0,3402700700,31.12,12705.21,47.46
2022-08-24,12375.15,12504.33,12350.16,12431.53,0.0041,3552817700,31.12,12705.21,47.46
2022-08-25,12506.37,12641.26,12471.98,12639.27,0.0167,3845809300,31.12,12705.21,47.46
2022-08-26,12630.58,12655.84,12141.52,12141.71,-0.0394,3927238900,29.96,12141.71,39.83
2022-08-29,12021.05,12124.87,11981.42,12017.67,-0.0102,3717326300,29.96,12141.71,39.83
2022-08-30,12093.06,12101.85,11790.02,11883.14,-0.0112,4071454900,29.96,12141.71,39.83
2022-08-31,11972.56,12027.43,11814.17,11816.2,-0.0056,4401465400,29.96,12141.71,39.83
2022-09-01,11707.44,11798.37,11546.52,11785.13,-0.0026,4135608300,29.96,12141.71,39.83
2022-09-02,11899.14,11945.91,11573.51,11630.86,-0.0131,3606658900,28.72,11630.86,32.29
2022-09-06,11643.03,11679.43,11471.5,11544.91,-0.0074,3976610300,28.72,11630.86,32.29
2022-09-07,11559.38,11819.07,11555.08,11791.9,0.0214,3580502500,28.72,11630.86,32.29
2022-09-08,11679.86,11896.73,11660.53,11862.13,0.006,3738696400,28.72,11630.86,32.29
2022-09-09,11958.61,12132.67,11958.61,12112.31,0.0211,3897602500,29.91,12112.31,39.66
2022-09-12,12174.94,12270.19,12169.28,12266.41,0.0127,3724313000,29.91,12112.31,39.66
2022-09-13,11908.81,11957.97,11604.43,11633.57,-0.0516,4527349800,29.91,12112.31,39.66
2022-09-14,11680.41,11746.83,11602.76,11719.68,0.0074,4340971300,29.91,12112.31,39.66
2022-09-15,11633.24,11760.73,11497.11,11552.36,-0.0143,4209966500,29.91,12112.31,39.66
2022-09-16,11401.21,11460.43,11316.92,11448.4,-0.009,6536407900,28.29,11448.4,30.0
2022-09-19,11338.57,11538.13,11337.83,11535.02,0.0076,3697169300,28.29,11448.4,30.0
2022-09-20,11440.14,11520.99,11343.72,11425.05,-0.0095,3499962800,28.29,11448.4,30.0
2022-09-21,11466.21,11613.57,11218.99,11220.19,-0.0179,3779260000,28.29,11448.4,30.0
2022-09-22,11167.38,11203.77,11024.64,11066.8,-0.0137,4211645000,28.29,11448.4,30.0
2022-09-23,10952.69,10958.29,10732.72,10867.93,-0.018,4339624700,26.77,10867.93,24.41
2022-09-26,10833.38,11024.0,10789.05,10802.92,-0.006,3931725400,26.77,10867.93,24.41
2022-09-27,10955.29,11040.98,10741.02,10829.5,0.0025,3595081300,26.77,10867.93,24.41
2022-09-28,10817.52,11101.5,10776.34,11051.64,0.0205,3753692800,26.77,10867.93,24.41
2022-09-29,10894.44,10899.47,10623.22,10737.51,-0.0284,3741859300,26.77,10867.93,24.41
2022-09-30,10697.71,10883.04,10572.33,10575.62,-0.0151,3823840900,25.87,10575.62,21.44
2022-10-03,10659.01,10875.46,10577.89,10815.43,0.0227,3700106400,25.87,10575.62,21.44
2022-10-04,11054.72,11189.96,11044.04,11176.41,0.0334,4318329800,25.87,10575.62,21.44
2022-10-05,11022.67,11210.32,10910.76,11148.64,-0.0025,3446613100,25.87,10575.62,21.44
2022-10-06,11129.04,11230.44,11051.27,11073.31,-0.0068,3792397500,25.87,10575.62,21.44
2022-10-07,10877.28,10891.93,10608.52,10652.4,-0.038,3932502400,26.04,10652.4,22.37
2022-10-10,10659.95,10669.93,10449.04,10542.1,-0.0104,3398028200,26.04,10652.4,22.37
2022-10-11,10484.37,10608.84,10351.98,10426.19,-0.011,3902884500,26.04,10652.4,22.37
2022-10-12,10437.0,10494.53,10372.21,10417.1,-0.0009,3428489300,26.04,10652.4,22.37
2022-10-13,10131.82,10697.71,10088.83,10649.15,0.0223,4259796800,26.04,10652.4,22.37
2022-10-14,10742.81,10766.69,10308.81,10321.39,-0.0308,3562878400,26.19,10321.39,22.8
2022-10-17,10575.65,10696.59,10569.69,10675.8,0.0343,3748748600,26.19,10321.39,22.8
2022-10-18,10963.99,10972.97,10670.12,10772.4,0.009,4261073600,26.19,10321.39,22.8
2022-10-19,10689.31,10808.04,10592.88,10680.51,-0.0085,4288267900,26.19,10321.39,22.8
2022-10-20,10657.41,10837.3,10574.55,10614.84,-0.0061,3851002800,26.19,10321.39,22.8
2022-10-21,10576.04,10875.72,10542.43,10859.72,0.0231,3874194900,27.46,10859.72,27.12
2022-10-24,10867.07,10983.52,10713.33,10952.61,0.0086,4106286500,27.46,10859.72,27.12
2022-10-25,10996.97,11210.38,10996.97,11199.12,0.0225,4469807800,27.46,10859.72,27.12
2022-10-26,10969.02,11205.84,10948.38,10970.99,-0.0204,4522822000,27.46,10859.72,27.12
2022-10-27,10971.95,10998.73,10780.5,10792.67,-0.0163,4178789000,27.46,10859.72,27.12
2022-10-28,10766.2,11117.04,10766.2,11102.45,0.0287,3976362800,29.34,11102.45,36.27
2022-10-31,11028.43,11047.94,10914.0,10988.15,-0.0103,4064059000,29.34,11102.45,36.27
2022-11-01,11154.74,11156.35,10881.19,10890.85,-0.0089,4023956600,29.34,11102.45,36.27
2022-11-02,10885.01,10993.24,10522.9,10524.8,-0.0336,4543085200,29.34,11102.45,36.27
2022-11-03,10399.45,10486.01,10319.54,10342.94,-0.0173,4352800800,29.34,11102.45,36.27
2022-11-04,10548.14,10553.63,10262.93,10475.25,0.0128,4534770400,27.89,10475.25,28.22
2022-11-07,10516.94,10587.96,10428.91,10564.52,0.0085,3911967200,27.89,10475.25,28.22
2022-11-08,10611.53,10745.64,10472.73,10616.2,0.0049,4393372400,27.89,10475.25,28.22
2022-11-09,10528.45,10564.97,10344.01,10353.17,-0.0248,4310745300,27.89,10475.25,28.22
2022-11-10,10869.17,11119.12,10779.95,11114.15,0.0735,5466662600,27.89,10475.25,28.22
2022-11-11,11124.75,11352.43,11069.83,11323.33,0.0188,5103569900,30.63,11323.33,44.32
2022-11-14,11233.9,11350.13,11167.17,11196.22,-0.0112,4409981200,30.63,11323.33,44.32
2022-11-15,11474.82,11492.62,11241.15,11358.41,0.0145,4670789600,30.63,11323.33,44.32
2022-11-16,11260.09,11286.1,11162.92,11183.66,-0.0154,3945969700,30.63,11323.33,44.32
2022-11-17,11008.67,11198.84,11006.21,11144.96,-0.0035,3660766900,30.63,11323.33,44.32
2022-11-18,11257.01,11259.44,11059.16,11146.06,0.0001,3525556100,30.12,11146.06,40.76
2022-11-21,11091.01,11128.78,10999.75,11024.51,-0.0109,3466040700,30.12,11146.06,40.76
2022-11-22,11058.56,11179.87,10975.66,11174.41,0.0136,3709265800,30.12,11146.06,40.76
2022-11-23,11174.61,11310.82,11174.61,11285.32,0.0099,3946331600,30.12,11146.06,40.76
2022-11-25,11231.0,11261.57,11206.38,11226.36,-0.0052,1962803300,30.53,11226.36,43.64
2022-11-28,11147.57,11217.75,11020.69,11049.5,-0.0158,3826684100,30.53,11226.36,43.64
2022-11-29,11060.02,11086.02,10944.37,10983.78,-0.0059,4139458200,30.53,11226.36,43.64
2022-11-30,10995.2,11468.47,10966.53,11468.0,0.0441,5851579600,30.53,11226.36,43.64
2022-12-01,11475.17,11546.77,11378.75,11482.45,0.0013,4467736700,30.53,11226.36,43.64
2022-12-02,11308.38,11492.32,11296.72,11461.5,-0.0018,3921751200,30.18,11461.5,41.36
2022-12-05,11380.99,11425.51,11193.03,11239.94,-0.0193,3994660200,30.18,11461.5,41.36
2022-12-06,11228.42,11241.42,10956.2,11014.89,-0.02,4173761100,30.18,11461.5,41.36
2022-12-07,10963.95,11039.81,10910.62,10958.55,-0.0051,3757045200,30.18,11461.5,41.36
2022-12-08,11011.33,11119.16,10939.47,11082.0,0.0113,3763110600,30.18,11461.5,41.36
2022-12-09,11038.17,11138.7,10999.26,11004.62,-0.007,3746511700,28.93,11004.62,33.9
2022-12-12,11015.48,11144.67,10984.82,11143.74,0.0126,4374837900,28.93,11004.62,33.9
2022-12-13,11542.84,11571.64,11160.54,11256.81,0.0101,5230218100,28.93,11004.62,33.9
2022-12-14,11248.09,11352.09,11065.24,11170.89,-0.0076,4752207800,28.93,11004.62,33.9
2022-12-15,11012.62,11029.57,10775.61,10810.53,-0.0323,4919738600,28.93,11004.62,33.9
2022-12-16,10767.64,10833.24,10642.1,10705.41,-0.0097,7431371800,28.2,10705.41,29.49
2022-12-19,10707.44,10713.97,10497.55,10546.03,-0.0149,4113090300,28.2,10705.41,29.49
2022-12-20,10490.89,10609.47,10446.82,10547.11,0.0001,4051181500,28.2,10705.41,29.49
2022-12-21,10592.0,10753.57,10569.2,10709.37,0.0154,3866364800,28.2,10705.41,29.49
2022-12-22,10586.46,10599.34,10313.32,10476.12,-0.0218,4446898500,28.2,10705.41,29.49
2022-12-23,10437.75,10514.76,10361.82,10497.86,0.0021,3035941200,27.95,10497.86,28.64
2022-12-27,10462.19,10472.32,10340.73,10353.23,-0.0138,3339057400,27.95,10497.86,28.64
2022-12-28,10339.2,10414.82,10207.47,10213.29,-0.0135,3284306300,27.95,10497.86,28.64
2022-12-29,10321.46,10502.08,10301.06,10478.09,0.0259,3638010100,27.95,10497.86,28.64
2022-12-30,10368.37,10468.31,10324.7,10466.48,-0.0011,3405053300,27.98,10466.48,28.73
2023-01-03,10562.06,10613.06,10309.16,10386.99,-0.0076,4198648900,27.98,10466.48,28.73
2023-01-04,10467.82,10515.22,10337.64,10458.76,0.0069,4482168200,27.98,10466.48,28.73
2023-01-05,10390.31,10393.22,10295.25,10305.24,-0.0147,4252439900,27.98,10466.48,28.73
2023-01-06,10363.96,10604.14,10265.04,10569.29,0.0256,4537157900,29.22,10569.29,35.93
2023-01-09,10662.11,10807.26,10619.12,10635.65,0.0063,4501078600,29.22,10569.29,35.93
2023-01-10,10607.72,10743.67,10589.6,10742.63,0.0101,4232025400,29.22,10569.29,35.93
2023-01-11,10794.99,10932.44,10762.73,10931.67,0.0176,4656808600,29.22,10569.29,35.93
2023-01-12,10969.26,11027.75,10797.12,11001.11,0.0064,4885429300,29.22,10569.29,35.93
2023-01-13,10906.37,11084.01,10900.16,11079.16,0.0071,4569522800,30.67,11079.16,44.83
2023-01-17,11070.0,11145.44,11024.72,11095.11,0.0014,4672271900,30.67,11079.16,44.83
2023-01-18,11170.95,11223.41,10952.05,10957.01,-0.0124,4564806000,30.67,11079.16,44.83
2023-01-19,10890.4,10932.52,10804.57,10852.27,-0.0096,4098333600,30.67,11079.16,44.83
2023-01-20,10924.66,11143.17,10885.65,11140.43,0.0266,5403504900,30.9,11140.43,45.93
2023-01-23,11171.94,11405.5,11144.03,11364.41,0.0201,5431116000,30.9,11140.43,45.93
2023-01-24,11302.93,11378.15,11282.65,11334.27,-0.0027,5304290600,30.9,11140.43,45.93
2023-01-25,11146.53,11334.22,11069.18,11313.36,-0.0018,5011080200,30.9,11140.43,45.93
2023-01-26,11458.41,11516.05,11341.19,11512.41,0.0176,5222450000,30.9,11140.43,45.93
2023-01-27,11470.47,11691.89,11470.27,11621.71,0.0095,5741856300,32.35,11621.71,53.05
2023-01-30,11512.34,11553.31,11388.54,11393.81,-0.0196,4578030400,32.35,11621.71,53.05
2023-01-31,11398.58,11586.01,11398.37,11584.55,0.0167,5112446400,32.35,11621.71,53.05
2023-02-01,11573.14,11904.02,11500.33,11816.32,0.02,5627246400,32.35,11621.71,53.05
2023-02-02,12065.15,12269.56,12024.14,12200.82,0.0325,6328244600,32.35,11621.71,53.05
2023-02-03,11946.86,12231.31,11946.86,12006.96,-0.0159,5134385400,35.36,12006.96,65.85
2023-02-06,11904.41,11973.41,11843.49,11887.45,-0.01,5024054400,35.36,12006.96,65.85
2023-02-07,11891.25,12150.22,11836.78,12113.79,0.019,4948823400,35.36,12006.96,65.85
2023-02-08,12069.12,12096.39,11890.09,11910.52,-0.0168,4503468800,35.36,12006.96,65.85
2023-02-09,12069.1,12070.96,11745.11,11789.58,-0.0102,4969569900,35.36,12006.96,65.85
2023-02-10,11714.6,11775.8,11630.54,11718.12,-0.0061,4275247600,34.7,11718.12,63.39
2023-02-13,11759.09,11910.92,11719.73,11891.79,0.0148,4242388100,34.7,11718.12,63.39
2023-02-14,11808.2,11999.85,11760.57,11960.15,0.0057,4275074300,34.7,11718.12,63.39
2023-02-15,11905.12,12071.29,11876.82,12070.59,0.0092,4536460600,34.7,11718.12,63.39
2023-02-16,11896.31,12040.34,11853.36,11855.83,-0.0178,4506599000,34.7,11718.12,63.39
2023-02-17,11777.51,11803.22,11673.21,11787.27,-0.0058,4311347500,35.09,11787.27,65.0
2023-02-21,11640.37,11684.14,11491.18,11492.3,-0.025,4440794600,35.09,11787.27,65.0
2023-02-22,11517.2,11582.52,11445.17,11507.07,0.0013,3886288500,35.09,11787.27,65.0
2023-02-23,11636.93,11638.98,11432.58,11590.4,0.0072,4077416400,35.09,11787.27,65.0
2023-02-24,11404.18,11434.36,11334.47,11394.94,-0.0169,3865751200,34.33,11394.94,61.69
2023-02-27,11517.19,11565.23,11444.6,11466.98,0.0063,4040561700,34.33,11394.94,61.69
2023-02-28,11451.05,11548.23,11435.39,11455.54,-0.001,4797794700,34.33,11394.94,61.69
2023-03-01,11447.58,11479.0,11349.87,11379.48,-0.0066,4425629900,34.33,11394.94,61.69
2023-03-02,11273.77,11487.59,11273.61,11462.98,0.0073,4866349500,34.33,11394.94,61.69
2023-03-03,11524.65,11699.63,11514.74,11689.01,0.0197,4557487300,35.08,11689.01,64.92
2023-03-06,11736.87,11827.92,11667.48,11675.74,-0.0011,4485593600,35.08,11689.01,64.92
2023-03-07,11670.98,11705.97,11512.03,11530.33,-0.0125,4988168600,35.08,11689.01,64.92
2023-03-08,11553.09,11601.23,11487.75,11576.0,0.004,4573608200,35.08,11689.01,64.92
2023-03-09,11578.31,11667.12,11319.98,11338.36,-0.0205,4430894300,35.08,11689.01,64.92
2023-03-10,11325.36,11373.81,11093.86,11138.89,-0.0176,5175632900,33.31,11138.89,57.63
2023-03-13,11041.46,11326.73,10982.8,11188.84,0.0045,5123765600,33.31,11138.89,57.63
2023-03-14,11357.74,11467.02,11284.93,11428.15,0.0214,4712046500,33.31,11138.89,57.63
2023-03-15,11291.17,11447.9,11238.44,11434.05,0.0005,4979949400,33.31,11138.89,57.63
2023-03-16,11384.87,11733.8,11365.49,11717.28,0.0248,4678328200,33.31,11138.89,57.63
2023-03-17,11696.35,11773.11,11562.63,11630.51,-0.0074,6949346300,35.08,11630.51,64.75
2023-03-20,11614.39,11695.55,11550.69,11675.54,0.0039,4233654000,35.08,11630.51,64.75
2023-03-21,11764.79,11879.16,11724.91,11860.11,0.0158,4293380600,35.08,11630.51,64.75
2023-03-22,11857.5,12013.99,11666.85,11669.96,-0.016,4264978100,35.08,11630.51,64.75
2023-03-23,11811.32,11962.69,11684.52,11787.4,0.0101,4246985100,35.08,11630.51,64.75
2023-03-24,11747.62,11826.23,11670.67,11823.96,0.0031,3699411700,35.71,11823.96,67.03
2023-03-27,11868.54,11903.21,11739.05,11768.84,-0.0047,3797543000,35.71,11823.96,67.03
2023-03-28,11752.76,11752.76,11635.03,11716.08,-0.0045,3549579200,35.71,11823.96,67.03
2023-03-29,11855.59,11941.6,11823.35,11926.24,0.0179,4086502300,35.71,11823.96,67.03
2023-03-30,12010.45,12044.79,11953.37,12013.47,0.0073,4321169200,35.71,11823.96,67.03
2023-03-31,12031.54,12227.93,12030.44,12221.91,0.0174,4968653100,37.45,12221.91,72.29
2023-04-03,12146.09,12196.34,12086.52,12189.45,-0.0027,4308802600,37.45,12221.91,72.29
2023-04-04,12208.49,12224.68,12081.81,12126.33,-0.0052,3758767100,37.45,12221.91,72.29
2023-04-05,12081.76,12086.75,11931.85,11996.86,-0.0107,3894159900,37.45,12221.91,72.29
2023-04-06,11939.08,12098.5,11898.36,12087.96,0.0076,3462244000,37.18,12087.96,71.19
2023-04-10,11975.14,12084.95,11924.2,12084.36,-0.0003,3909938100,37.18,12087.96,71.19
2023-04-11,12080.24,12091.27,12011.4,12031.88,-0.0043,4285438700,37.18,12087.96,71.19
2023-04-12,12110.87,12134.5,11916.54,11929.34,-0.0085,4298432600,37.18,12087.96,71.19
2023-04-13,11997.42,12178.8,11995.94,12166.27,0.0199,4390495000,37.18,12087.96,71.19
2023-04-14,12117.91,12205.72,12026.55,12123.47,-0.0035,4167805400,37.3,12123.47,71.69
2023-04-17,12108.23,12159.02,12064.1,12157.72,0.0028,4424911400,37.3,12123.47,71.69
2023-04-18,12234.56,12245.43,12110.23,12153.41,-0.0004,4465089300,37.3,12123.47,71.69
2023-04-19,12063.68,12191.1,12060.17,12157.23,0.0003,4646673800,37.3,12123.47,71.69
2023-04-20,12039.08,12155.96,12011.95,12059.56,-0.008,4103380600,37.3,12123.47,71.69
2023-04-21,12046.03,12097.15,11986.82,12072.46,0.0011,4456902300,37.07,12072.46,70.93
2023-04-24,12053.47,12103.58,11960.31,12037.2,-0.0029,4550197700,37.07,12072.46,70.93
2023-04-25,11968.81,11990.46,11798.77,11799.16,-0.0198,4487211500,37.07,12072.46,70.93
2023-04-26,11913.23,11967.99,11833.07,11854.35,0.0047,4892913800,37.07,12072.46,70.93
2023-04-27,11972.15,12154.01,11950.92,12142.24,0.0243,4929900900,37.07,12072.46,70.93
2023-04-28,12117.54,12227.72,12082.57,12226.58,0.0069,4943885800,37.44,12226.58,72.12
2023-05-01,12210.05,12261.32,12181.08,12212.6,-0.0011,4861622600,37.44,12226.58,72.12
2023-05-02,12198.02,12206.58,12015.23,12080.51,-0.0108,4928724800,37.44,12226.58,72.12
2023-05-03,12097.04,12212.55,12022.46,12025.33,-0.0046,5302164900,37.44,12226.58,72.12
2023-05-04,11997.34,12033.15,11925.37,11966.4,-0.0049,4292053500,37.44,12226.58,72.12
2023-05-05,12073.03,12264.83,12065.72,12235.41,0.0225,4201019800,38.48,12235.41,75.51
2023-05-08,12231.68,12264.99,12178.26,12256.92,0.0018,3960170700,38.48,12235.41,75.51
2023-05-09,12195.78,12216.13,12174.06,12179.55,-0.0063,3897596500,38.48,12235.41,75.51
2023-05-10,12286.66,12337.69,12180.86,12306.44,0.0104,4483981500,38.48,12235.41,75.51
2023-05-11,12321.26,12347.38,12255.44,12328.51,0.0018,4105329300,38.48,12235.41,75.51
2023-05-12,12350.52,12364.65,12214.39,12284.74,-0.0036,3809601500,39.56,12284.74,77.46
2023-05-15,12301.17,12376.4,12263.35,12365.21,0.0066,3690150800,39.56,12284.74,77.46
2023-05-16,12327.05,12403.81,12324.52,12343.05,-0.0018,3763038100,39.56,12284.74,77.46
2023-05-17,12388.58,12514.07,12335.02,12500.57,0.0128,4138932000,39.56,12284.74,77.46
2023-05-18,12513.87,12698.5,12512.27,12688.84,0.0151,4062758900,39.56,12284.74,77.46
2023-05-19,12709.46,12731.73,12624.06,12657.9,-0.0024,3541627700,39.85,12657.9,78.47
2023-05-22,12664.44,12756.23,12655.26,12720.78,0.005,3967473400,39.85,12657.9,78.47
2023-05-23,12652.88,12709.74,12554.43,12560.25,-0.0126,3983152700,39.85,12657.9,78.47
2023-05-24,12481.9,12529.63,12415.85,12484.16,-0.0061,3705974600,39.85,12657.9,78.47
2023-05-25,12706.44,12736.92,12604.89,12698.09,0.0171,4161398000,39.85,12657.9,78.47
2023-05-26,12736.42,13001.91,12729.74,12975.69,0.0219,3955713000,40.62,12975.69,80.76
2023-05-30,13109.1,13154.29,12968.12,13017.43,0.0032,4354320400,40.62,12975.69,80.76
2023-05-31,12968.38,13029.08,12889.37,12935.29,-0.0063,5591643100,40.62,12975.69,80.76
2023-06-01,12944.46,13141.83,12903.63,13100.98,0.0128,4156446300,40.62,12975.69,80.76
2023-06-02,13190.48,13256.21,13125.86,13240.77,0.0107,3983535000,41.25,13240.77,82.97
2023-06-05,13238.48,13330.65,13194.95,13229.43,-0.0009,3946500600,41.25,13240.77,82.97
2023-06-06,13199.59,13306.21,13165.65,13276.42,0.0036,4532711200,41.25,13240.77,82.97
2023-06-07,13295.26,13361.9,13089.48,13104.9,-0.0129,4812329000,41.25,13240.77,82.97
2023-06-08,13113.27,13248.6,13101.18,13238.52,0.0102,3923256700,41.25,13240.77,82.97
2023-06-09,13312.4,13385.95,13229.33,13259.14,0.0016,4016191800,41.28,13259.14,83.05
2023-06-12,13326.37,13465.91,13302.58,13461.92,0.0153,4401494000,41.28,13259.14,83.05
2023-06-13,13566.53,13594.4,13473.19,13573.32,0.0083,5062728500,41.28,13259.14,83.05
2023-06-14,13570.56,13661.74,13455.99,13626.48,0.0039,4871972200,41.28,13259.14,83.05
2023-06-15,13572.88,13828.17,13561.37,13782.82,0.0115,5189895900,41.28,13259.14,83.05
2023-06-16,13859.07,13864.06,13680.96,13689.57,-0.0068,7792146800,42.46,13689.57,86.44
2023-06-20,13642.3,13711.18,13561.84,13667.29,-0.0016,4870382800,42.46,13689.57,86.44
2023-06-21,13620.87,13638.57,13460.94,13502.2,-0.0121,4754621500,42.46,13689.57,86.44
2023-06-22,13443.41,13631.85,13441.56,13630.61,0.0095,4131893800,42.46,13689.57,86.44
2023-06-23,13484.1,13572.19,13442.65,13492.52,-0.0101,7585348200,41.8,13492.52,84.66
2023-06-26,13468.75,13573.57,13334.42,13335.78,-0.0116,4089774400,41.8,13492.52,84.66
2023-06-27,13389.25,13578.8,13366.97,13555.67,0.0165,4678373200,41.8,13492.52,84.66
2023-06-28,13506.02,13654.14,13495.73,13591.75,0.0027,4126338400,41.8,13492.52,84.66
2023-06-29,13592.36,13618.53,13540.26,13591.33,0.0,3971736600,41.8,13492.52,84.66
2023-06-30,13719.98,13816.68,13716.16,13787.92,0.0145,4233851000,43.36,13787.92,87.63
2023-07-03,13798.7,13839.09,13773.41,13816.77,0.0021,2701869800,43.36,13787.92,87.63
2023-07-05,13772.1,13844.5,13764.25,13791.65,-0.0018,5127576100,43.36,13787.92,87.63
2023-07-06,13653.17,13689.52,13567.26,13679.04,-0.0082,5733167000,43.36,13787.92,87.63
2023-07-07,13668.07,13804.51,13656.74,13660.72,-0.0013,4762662000,42.8,13660.72,86.95
2023-07-10,13645.37,13692.41,13584.87,13685.48,0.0018,4923045600,42.8,13660.72,86.95
2023-07-11,13709.82,13774.83,13643.32,13760.7,0.0055,4531943500,42.8,13660.72,86.95
2023-07-12,13915.64,13963.45,13842.13,13918.96,0.0115,4808803300,42.8,13660.72,86.95
2023-07-13,14021.15,14163.81,14012.24,14138.57,0.0158,4816687500,42.8,13660.72,86.95
2023-07-14,14166.66,14232.11,14081.96,14113.7,-0.0018,4994479000,44.19,14113.7,89.49
2023-07-17,14149.92,14274.41,14138.01,14244.95,0.0093,4311552500,44.19,14113.7,89.49
2023-07-18,14212.25,14396.69,14176.11,14353.64,0.0076,4414110100,44.19,14113.7,89.49
2023-07-19,14398.53,14446.55,14317.09,14358.02,0.0003,4679269100,44.19,14113.7,89.49
2023-07-20,14273.29,14309.92,14030.63,14063.31,-0.0205,4496550800,44.19,14113.7,89.49
2023-07-21,14148.18,14179.01,14020.45,14032.81,-0.0022,4952026200,43.65,14032.81,88.73
2023-07-24,14081.63,14110.15,13997.13,14058.87,0.0019,3765984100,43.65,14032.81,88.73
2023-07-25,14093.24,14201.91,14092.52,14144.56,0.0061,4039667200,43.65,14032.81,88.73
2023-07-26,14123.52,14187.35,14041.95,14127.28,-0.0012,3876813800,43.65,14032.81,88.73
2023-07-27,14319.16,14360.2,14006.93,14050.11,-0.0055,4590408200,43.65,14032.81,88.73
2023-07-28,14199.83,14344.35,14188.1,14316.66,0.019,3992410100,44.36,14316.66,89.58
2023-07-31,14337.9,14370.91,14292.76,14346.02,0.0021,4621553100,44.36,14316.66,89.58
2023-08-01,14274.93,14309.21,14215.64,14283.91,-0.0043,4289721200,44.36,14316.66,89.58
2023-08-02,14132.73,14133.85,13914.81,13973.45,-0.0217,5012768800,44.36,14316.66,89.58
2023-08-03,13899.76,14032.28,13881.35,13959.72,-0.001,5692143900,44.36,14316.66,89.58
2023-08-04,14025.96,14119.22,13897.93,13909.24,-0.0036,4938003700,42.61,13909.24,86.78
2023-08-07,13972.45,13997.15,13864.92,13994.4,0.0061,4605363300,42.61,13909.24,86.78
2023-08-08,13875.45,13899.74,13769.34,13884.32,-0.0079,5002453000,42.61,13909.24,86.78
2023-08-09,13897.61,13898.54,13698.39,13722.02,-0.0117,5299334800,42.61,13909.24,86.78
2023-08-10,13818.25,13947.16,13686.52,13737.99,0.0012,4820192900,42.61,13909.24,86.78
2023-08-11,13633.65,13721.03,13609.98,13644.85,-0.0068,4251531300,42.43,13644.85,86.36
2023-08-14,13599.0,13789.16,13582.49,13788.33,0.0105,3947374500,42.43,13644.85,86.36
2023-08-15,13760.48,13774.98,13611.94,13631.05,-0.0114,4190815700,42.43,13644.85,86.36
2023-08-16,13593.17,13644.32,13473.03,13474.63,-0.0115,5926404800,42.43,13644.85,86.36
2023-08-17,13527.3,13535.09,13303.45,13316.93,-0.0117,4861975600,42.43,13644.85,86.36
2023-08-18,13190.02,13335.87,13161.77,13290.78,-0.002,4275326400,41.67,13290.78,84.15
2023-08-21,13347.26,13516.86,13325.59,13497.59,0.0156,3968297800,41.67,13290.78,84.15
2023-08-22,13593.95,13598.77,13484.38,13505.87,0.0006,3912414100,41.67,13290.78,84.15
2023-08-23,13532.43,13757.0,13532.43,13721.03,0.0159,3830416000,41.67,13290.78,84.15
2023-08-24,13834.31,13834.69,13462.84,13463.97,-0.0187,3961264500,41.67,13290.78,84.15
2023-08-25,13514.37,13633.42,13376.35,13590.65,0.0094,3425509300,41.91,13590.65,85.08
2023-08-28,13695.36,13735.98,13626.64,13705.13,0.0084,3281272500,41.91,13590.65,85.08
2023-08-29,13687.23,13959.81,13677.06,13943.76,0.0174,4311625000,41.91,13590.65,85.08
2023-08-30,13961.77,14050.82,13924.2,14019.31,0.0054,4023296300,41.91,13590.65,85.08
2023-08-31,14041.54,14114.68,14010.48,14034.97,0.0011,4309886700,41.91,13590.65,85.08
2023-09-01,14129.96,14149.62,13982.42,14031.82,-0.0002,3663190700,43.3,14031.82,87.54
2023-09-05,13994.54,14060.85,13945.65,14020.95,-0.0008,4089599200,43.3,14031.82,87.54
2023-09-06,13988.81,14001.95,13802.42,13872.47,-0.0106,3878649500,43.3,14031.82,87.54
2023-09-07,13675.11,13774.63,13642.47,13748.83,-0.0089,4000423200,43.3,14031.82,87.54
2023-09-08,13754.71,13843.37,13733.18,13761.53,0.0009,3852894700,42.5,13761.53,86.53
2023-09-11,13884.03,13937.47,13805.13,13917.89,0.0114,4278287400,42.5,13761.53,86.53
2023-09-12,13858.94,13913.6,13763.69,13773.62,-0.0104,4300436700,42.5,13761.53,86.53
2023-09-13,13773.67,13868.57,13733.82,13813.59,0.0029,4486223000,42.5,13761.53,86.53
2023-09-14,13889.76,13957.57,13810.66,13926.05,0.0081,4469953200,42.5,13761.53,86.53
2023-09-15,13889.2,13895.75,13684.24,13708.34,-0.0156,8012625800,42.43,13708.34,86.27
2023-09-18,13669.96,13751.28,13663.46,13710.24,0.0001,4650716800,42.43,13708.34,86.27
2023-09-19,13649.44,13705.15,13578.87,13678.19,-0.0023,4197841400,42.43,13708.34,86.27
2023-09-20,13710.26,13727.81,13467.28,13469.13,-0.0153,4456651000,42.43,13708.34,86.27
2023-09-21,13328.06,13362.23,13222.56,13223.99,-0.0182,4520813100,42.43,13708.34,86.27
2023-09-22,13287.17,13353.22,13200.64,13211.81,-0.0009,3924064000,40.72,13211.81,81.02
2023-09-25,13172.54,13277.83,13132.0,13271.32,0.0045,3714286900,40.72,13211.81,81.02
2023-09-26,13180.96,13199.13,13033.4,13063.61,-0.0157,4246215600,40.72,13211.81,81.02
2023-09-27,13115.36,13156.37,12963.16,13092.85,0.0022,4348600400,40.72,13211.81,81.02
2023-09-28,13043.37,13270.97,13025.11,13201.28,0.0083,4204964700,40.72,13211.81,81.02
2023-09-29,13337.71,13382.98,13177.09,13219.32,0.0014,4600942900,41.09,13219.32,82.37
2023-10-02,13217.99,13364.03,13204.08,13307.77,0.0067,4062662300,41.09,13219.32,82.37
2023-10-03,13229.68,13280.04,13008.6,13059.47,-0.0187,4057602200,41.09,13219.32,82.37
2023-10-04,13092.92,13258.76,13072.51,13236.01,0.0135,3753810700,41.09,13219.32,82.37
2023-10-05,13228.12,13251.18,13087.57,13219.83,-0.0012,3752634000,41.09,13219.32,82.37
2023-10-06,13127.68,13472.27,13099.03,13431.34,0.016,3743790900,41.5,13431.34,83.73
2023-10-09,13326.22,13509.3,13277.48,13484.24,0.0039,3472434700,41.5,13431.34,83.73
2023-10-10,13505.81,13659.63,13491.81,13562.84,0.0058,3895401100,41.5,13431.34,83.73
2023-10-11,13619.21,13671.11,13549.29,13659.68,0.0071,3819132300,41.5,13431.34,83.73
2023-10-12,13672.47,13714.14,13491.56,13574.22,-0.0063,4457595100,41.5,13431.34,83.73
2023-10-13,13613.59,13619.54,13361.85,13407.23,-0.0123,3749248500,41.33,13407.23,83.22
2023-10-16,13453.81,13598.05,13447.17,13567.98,0.012,3998889000,41.33,13407.23,83.22
2023-10-17,13419.87,13602.25,13364.74,13533.75,-0.0025,3911123800,41.33,13407.23,83.22
2023-10-18,13439.68,13499.74,13275.3,13314.3,-0.0162,3940174100,41.33,13407.23,83.22
2023-10-19,13354.8,13404.73,13157.33,13186.18,-0.0096,4234590100,41.33,13407.23,83.22
2023-10-20,13157.77,13177.35,12977.44,12983.81,-0.0153,4030759700,40.5,12983.81,80.17
2023-10-23,12930.85,13143.23,12848.83,13018.33,0.0027,4124449300,40.5,12983.81,80.17
2023-10-24,13084.99,13170.39,13022.85,13139.88,0.0093,4157026100,40.5,12983.81,80.17
2023-10-25,13039.86,13042.52,12804.3,12821.22,-0.0243,4035542100,40.5,12983.81,80.17
2023-10-26,12768.97,12818.14,12543.86,12595.61,-0.0176,4238546400,40.5,12983.81,80.17
2023-10-27,12718.69,12772.43,12600.57,12643.01,0.0038,3616344700,36.69,12643.01,69.92
2023-10-30,12750.47,12842.96,12691.56,12789.48,0.0116,3639237400,36.69,12643.01,69.92
2023-10-31,12786.62,12859.4,12697.04,12851.24,0.0048,3887111500,36.69,12643.01,69.92
2023-11-01,12887.06,13072.43,12875.2,13061.47,0.0164,3915294000,36.69,12643.01,69.92
2023-11-02,13230.49,13302.18,13177.64,13294.19,0.0178,4477976100,36.69,12643.01,69.92
2023-11-03,13362.85,13520.28,13344.73,13478.28,0.0138,4362523000,39.73,13478.28,77.97
2023-11-06,13514.08,13551.62,13435.99,13518.78,0.003,3944282100,39.73,13478.28,77.97
2023-11-07,13555.79,13675.46,13516.56,13639.86,0.009,3958166300,39.73,13478.28,77.97
2023-11-08,13660.22,13684.87,13573.58,13650.41,0.0008,4330508000,39.73,13478.28,77.97
2023-11-09,13693.7,13697.82,13506.02,13521.45,-0.0094,4784924700,39.73,13478.28,77.97
2023-11-10,13571.19,13802.53,13556.35,13798.11,0.0205,4267989900,39.93,13798.11,78.9
2023-11-13,13745.96,13805.11,13687.78,13767.74,-0.0022,3986340400,39.93,13798.11,78.9
2023-11-14,14015.37,14124.06,14003.14,14094.38,0.0237,4783509500,39.93,13798.11,78.9
2023-11-15,14147.27,14194.36,14060.7,14103.84,0.0007,4592221700,39.93,13798.11,78.9
2023-11-16,14066.88,14130.45,14033.79,14113.67,0.0007,4126554300,39.93,13798.11,78.9
2023-11-17,14101.44,14154.32,14063.93,14125.48,0.0008,4021258000,40.87,14125.48,81.61
2023-11-20,14134.75,14309.8,14134.2,14284.53,0.0113,4201437500,40.87,14125.48,81.61
2023-11-21,14217.23,14237.5,14146.31,14199.98,-0.0059,3775701700,40.87,14125.48,81.61
2023-11-22,14283.82,14359.61,14226.63,14265.86,0.0046,3258569000,40.87,14125.48,81.61
2023-11-24,14238.04,14270.28,14214.13,14250.86,-0.0011,2389173900,40.77,14250.86,81.19
2023-11-27,14239.31,14305.71,14205.24,14241.02,-0.0007,3868719500,40.77,14250.86,81.19
2023-11-28,14224.63,14303.66,14195.72,14281.76,0.0029,4055613800,40.77,14250.86,81.19
2023-11-29,14367.11,14423.22,14247.89,14258.49,-0.0016,4474995300,40.77,14250.86,81.19
2023-11-30,14265.05,14289.2,14127.06,14226.22,-0.0023,5307095700,40.77,14250.86,81.19
2023-12-01,14181.35,14311.95,14135.0,14305.03,0.0055,5168674300,40.86,14305.03,81.53
2023-12-04,14168.66,14197.52,14058.52,14185.49,-0.0084,5927602500,40.86,14305.03,81.53
2023-12-05,14126.4,14285.66,14121.76,14229.91,0.0031,5781149200,40.86,14305.03,81.53
2023-12-06,14325.62,14327.64,14138.51,14146.71,-0.0058,4859814800,40.86,14305.03,81.53
2023-12-07,14230.44,14353.11,14220.87,14339.99,0.0137,5339003700,40.86,14305.03,81.53
2023-12-08,14279.46,14416.92,14264.96,14403.97,0.0045,5071926700,41.17,14403.97,82.71
2023-12-11,14340.13,14436.08,14324.57,14432.49,0.002,5233870200,41.17,14403.97,82.71
2023-12-12,14423.01,14533.4,14385.39,14533.4,0.007,4618441100,41.17,14403.97,82.71
2023-12-13,14555.68,14743.56,14517.53,14733.96,0.0138,6421063700,41.17,14403.97,82.71
2023-12-14,14798.72,14855.62,14642.23,14761.56,0.0019,7484925400,41.17,14403.97,82.71
2023-12-15,14797.46,14848.41,14753.16,14813.92,0.0035,8360595300,42.15,14813.92,85.51
2023-12-18,14814.02,14938.04,14811.82,14904.81,0.0061,5616101800,42.15,14813.92,85.51
2023-12-19,14923.02,15003.8,14921.6,15003.22,0.0066,5486636800,42.15,14813.92,85.51
2023-12-20,14973.36,15069.29,14776.29,14777.94,-0.015,5900248300,42.15,14813.92,85.51
2023-12-21,14923.14,14970.81,14837.47,14963.87,0.0126,5068686400,42.15,14813.92,85.51
2023-12-22,15006.18,15047.19,14927.12,14992.97,0.0019,4527591400,42.92,14992.97,87.2
2023-12-26,15028.69,15101.18,15024.06,15074.57,0.0054,6093688200,42.92,14992.97,87.2
2023-12-27,15089.66,15114.08,15051.67,15099.18,0.0016,7230716300,42.92,14992.97,87.2
2023-12-28,15142.1,15150.07,15087.22,15095.14,-0.0003,4876622900,42.92,14992.97,87.2
2023-12-29,15099.2,15111.41,14955.37,15011.35,-0.0056,5157737100,42.93,15011.35,87.29
2024-01-02,14873.7,14887.8,14682.38,14765.94,-0.0163,5324386000,42.93,15011.35,87.29
2024-01-03,14641.47,14694.58,14577.44,14592.21,-0.0118,5030139700,42.93,15011.35,87.29
2024-01-04,14532.23,14632.77,14504.78,14510.3,-0.0056,4958680100,42.93,15011.35,87.29
2024-01-05,14500.11,14625.19,14477.57,14524.07,0.0009,4843481700,41.42,14524.07,83.64
2024-01-08,14564.47,14846.9,14560.2,14843.77,0.022,5862601700,41.42,14524.07,83.64
2024-01-09,14744.13,14894.32,14716.71,14857.71,0.0009,4755728700,41.42,14524.07,83.64
2024-01-10,14877.7,14998.2,14842.7,14969.65,0.0075,4035606800,41.42,14524.07,83.64
2024-01-11,15020.95,15063.61,14800.38,14970.19,0.0,4549558200,41.42,14524.07,83.64
2024-01-12,15001.01,15047.25,14931.88,14972.76,0.0002,4568125600,42.63,14972.76,86.86
2024-01-16,14908.26,15004.35,14863.81,14944.35,-0.0019,6040759700,42.63,14972.76,86.86
2024-01-17,14814.77,14865.76,14706.23,14855.62,-0.0059,4706690900,42.63,14972.76,86.86
2024-01-18,14994.52,15066.81,14911.11,15055.65,0.0135,5076979300,42.63,14972.76,86.86
2024-01-19,15122.38,15310.97,15087.2,15310.97,0.017,5080348500,43.5,15310.97,87.97
2024-01-22,15393.05,15438.85,15333.63,15360.29,0.0032,5028337200,43.5,15310.97,87.97
2024-01-23,15391.41,15432.35,15337.23,15425.94,0.0043,4912413600,43.5,15310.97,87.97
2024-01-24,15560.61,15629.07,15468.91,15481.92,0.0036,4505433300,43.5,15310.97,87.97
2024-01-25,15555.62,15597.25,15430.68,15510.5,0.0018,4745233600,43.5,15310.97,87.97
2024-01-26,15474.85,15538.84,15433.04,15455.36,-0.0036,4132771800,43.49,15455.36,87.88
2024-01-29,15470.66,15630.59,15449.87,15628.04,0.0112,4631683700,43.49,15455.36,87.88
2024-01-30,15604.08,15619.23,15484.67,15509.9,-0.0076,4448107100,43.49,15455.36,87.88
2024-01-31,15324.19,15405.56,15158.49,15164.01,-0.0223,5237938300,43.49,15455.36,87.88
2024-02-01,15254.02,15372.13,15208.88,15361.64,0.013,4511957100,43.49,15455.36,87.88
2024-02-02,15403.16,15664.21,15366.78,15628.95,0.0174,4222109300,41.16,15628.95,82.54
2024-02-05,15613.99,15637.88,15471.68,15597.68,-0.002,4332388800,41.16,15628.95,82.54
2024-02-06,15638.19,15652.75,15515.25,15609.0,0.0007,4328969600,41.16,15628.95,82.54
2024-02-07,15690.35,15770.68,15645.81,15756.64,0.0095,4236861800,41.16,15628.95,82.54
2024-02-08,15762.23,15813.27,15739.18,15793.72,0.0024,5373177200,41.16,15628.95,82.54
2024-02-09,15842.38,16007.29,15831.76,15990.66,0.0125,5450828200,42.16,15990.66,85.59
2024-02-12,15980.62,16080.07,15917.87,15942.55,-0.003,5086009000,42.16,15990.66,85.59
2024-02-13,15598.88,15770.42,15551.44,15655.6,-0.018,5066897300,42.16,15990.66,85.59
2024-02-14,15781.71,15865.51,15683.94,15859.15,0.013,4719454900,42.16,15990.66,85.59
2024-02-15,15865.3,15911.22,15779.72,15906.17,0.003,5659789200,42.16,15990.66,85.59
2024-02-16,15910.43,15917.41,15752.02,15775.65,-0.0082,4790203400,41.17,15775.65,82.63
2024-02-20,15679.84,15730.47,15508.5,15630.78,-0.0092,5129253600,41.17,15775.65,82.63
2024-02-21,15532.12,15583.68,15451.65,15580.87,-0.0032,4519219700,41.17,15775.65,82.63
2024-02-22,15904.48,16061.82,15869.24,16041.62,0.0296,5150205400,41.17,15775.65,82.63
2024-02-23,16094.8,16134.22,15954.5,15996.82,-0.0028,4691340700,40.61,15996.82,80.59
2024-02-26,16014.45,16054.9,15973.9,15976.25,-0.0013,5052831200,40.61,15996.82,80.59
2024-02-27,16013.98,16046.1,15940.51,16035.3,0.0037,5085065900,40.61,15996.82,80.59
2024-02-28,15969.14,16003.56,15924.72,15947.74,-0.0055,5000953000,40.61,15996.82,80.59
2024-02-29,16059.34,16115.96,15931.7,16091.92,0.009,5861727400,40.61,15996.82,80.59
2024-03-01,16119.07,16302.24,16096.6,16274.94,0.0114,4975036900,41.2,16274.94,82.8
2024-03-04,16264.21,16289.06,16199.06,16207.51,-0.0041,5363555200,41.2,16274.94,82.8
2024-03-05,16077.74,16087.57,15862.63,15939.59,-0.0165,5813506700,41.2,16274.94,82.8
2024-03-06,16092.0,16128.56,15956.66,16031.54,0.0058,4986181900,41.2,16274.94,82.8
2024-03-07,16147.32,16309.02,16096.01,16273.38,0.0151,4643832700,41.2,16274.94,82.8
2024-03-08,16322.1,16449.7,16059.5,16085.11,-0.0116,4678010000,40.8,16085.11,81.36
2024-03-11,16052.63,16085.95,15978.04,16019.27,-0.0041,4448877800,40.8,16085.11,81.36
2024-03-12,16116.98,16275.45,15992.98,16265.64,0.0154,4591168200,40.8,16085.11,81.36
2024-03-13,16220.11,16233.3,16143.34,16177.77,-0.0054,4407176100,40.8,16085.11,81.36
2024-03-14,16209.19,16245.32,16039.68,16128.53,-0.003,4744868600,40.8,16085.11,81.36
2024-03-15,16043.58,16055.33,15925.91,15973.17,-0.0096,7707942900,40.92,15973.17,81.95
2024-03-18,16154.92,16247.59,16094.17,16103.45,0.0082,4610426700,40.92,15973.17,81.95
2024-03-19,16031.93,16175.59,15951.86,16166.79,0.0039,4326031700,40.92,15973.17,81.95
2024-03-20,16185.76,16377.44,16127.48,16369.41,0.0125,4855265700,40.92,15973.17,81.95
2024-03-21,16517.24,16538.86,16393.9,16401.84,0.002,4734624800,40.92,15973.17,81.95
2024-03-22,16387.83,16467.62,16361.0,16428.82,0.0016,3995702400,41.8,16428.82,84.75
2024-03-25,16335.3,16441.17,16315.72,16384.47,-0.0027,4290152600,41.8,16428.82,84.75
2024-03-26,16446.85,16476.38,16312.95,16315.7,-0.0042,4788112700,41.8,16428.82,84.75
2024-03-27,16424.76,16431.83,16279.17,16399.52,0.0051,4350022300,41.8,16428.82,84.75
2024-03-28,16377.23,16420.92,16347.38,16379.46,-0.0012,4863731100,42.16,16379.46,85.68
2024-04-01,16397.05,16490.65,16327.89,16396.83,0.0011,4373510200,42.16,16379.46,85.68
2024-04-02,16199.24,16251.41,16137.24,16240.45,-0.0095,4325235800,42.16,16379.46,85.68
2024-04-03,16178.8,16340.74,16169.31,16277.46,0.0023,4833224000,42.16,16379.46,85.68
2024-04-04,16418.57,16468.04,16046.56,16049.08,-0.014,4819682600,42.16,16379.46,85.68
2024-04-05,16095.4,16326.5,16080.49,16248.52,0.0124,4019121000,41.86,16248.52,84.92
2024-04-08,16285.18,16323.6,16220.72,16253.96,0.0003,4068718900,41.86,16248.52,84.92
2024-04-09,16328.13,16348.18,16141.15,16306.64,0.0032,4497501700,41.86,16248.52,84.92
2024-04-10,16104.01,16200.1,16092.02,16170.36,-0.0084,4640557600,41.86,16248.52,84.92
2024-04-11,16236.2,16464.6,16154.65,16442.2,0.0168,4190714100,41.86,16248.52,84.92
2024-04-12,16293.03,16341.46,16125.33,16175.09,-0.0162,4004680800,41.77,16175.09,84.49
2024-04-15,16276.47,16295.27,15863.88,15885.02,-0.0179,4271645700,41.77,16175.09,84.49
2024-04-16,15856.38,15965.79,15822.02,15865.25,-0.0012,4455049800,41.77,16175.09,84.49
2024-04-17,15942.29,15957.03,15654.51,15683.37,-0.0115,4437447300,41.77,16175.09,84.49
2024-04-18,15705.7,15786.12,15587.5,15601.5,-0.0052,4364740400,41.77,16175.09,84.49
2024-04-19,15547.1,15576.7,15222.78,15282.01,-0.0205,4622963500,39.6,15282.01,77.8
2024-04-22,15396.13,15539.0,15265.66,15451.31,0.0111,4214263700,39.6,15282.01,77.8
2024-04-23,15525.55,15730.35,15510.59,15696.64,0.0159,4547651400,39.6,15282.01,77.8
2024-04-24,15805.6,15839.0,15634.44,15712.75,0.001,4296770400,39.6,15282.01,77.8
2024-04-25,15375.26,15644.51,15343.91,15611.76,-0.0064,4330916800,39.6,15282.01,77.8
2024-04-26,15821.34,15981.0,15770.72,15927.9,0.0203,4289277800,40.52,15927.9,80.25
2024-04-29,16007.0,16021.5,15885.89,15983.08,0.0035,4544254200,40.52,15927.9,80.25
2024-04-30,15920.89,15979.36,15655.67,15657.82,-0.0204,4729786400,40.52,15927.9,80.25
2024-05-01,15646.09,15926.22,15557.64,15605.48,-0.0033,4620821500,40.52,15927.9,80.25
2024-05-02,15758.11,15862.79,15604.73,15840.96,0.0151,4490387300,40.52,15927.9,80.25
2024-05-03,16147.48,16204.71,16068.34,16156.33,0.0199,4378453800,40.55,16156.33,80.34
2024-05-06,16208.54,16350.08,16197.86,16349.25,0.0119,4125373300,40.55,16156.33,80.34
2024-05-07,16358.34,16397.39,16303.84,16332.56,-0.001,4712642200,40.55,16156.33,80.34
2024-05-08,16226.07,16341.65,16226.07,16302.76,-0.0018,4210314000,40.55,16156.33,80.34
2024-05-09,16323.74,16362.79,16241.98,16346.27,0.0027,4262491200,40.55,16156.33,80.34
2024-05-10,16389.02,16437.39,16293.52,16340.87,-0.0003,4074003000,40.79,16340.87,81.27
2024-05-13,16400.31,16407.05,16334.86,16388.24,0.0029,4243142600,40.79,16340.87,81.27
2024-05-14,16391.16,16526.27,16386.44,16511.18,0.0075,7081184200,40.79,16340.87,81.27
2024-05-15,16601.14,16749.74,16544.09,16742.39,0.014,8444881900,40.79,16340.87,81.27
2024-05-16,16738.11,16797.83,16693.45,16698.32,-0.0026,12049873800,40.79,16340.87,81.27
2024-05-17,16708.49,16726.41,16613.84,16685.97,-0.0007,9544903500,41.75,16685.97,84.32
2024-05-20,16702.02,16823.83,16695.69,16794.87,0.0065,7025188300,41.75,16685.97,84.32
2024-05-21,16736.1,16839.02,16719.97,16832.62,0.0022,6154539600,41.75,16685.97,84.32
2024-05-22,16839.02,16855.27,16712.09,16801.54,-0.0018,7374878900,41.75,16685.97,84.32
2024-05-23,16996.39,16996.39,16678.37,16736.03,-0.0039,7354279000,41.75,16685.97,84.32
2024-05-24,16786.79,16947.8,16771.58,16920.79,0.011,5646156700,41.9,16920.79,85.0
2024-05-28,16988.32,17032.66,16917.51,17019.88,0.0059,6053442700,41.9,16920.79,85.0
2024-05-29,16879.35,16989.6,16873.97,16920.58,-0.0058,6468746000,41.9,16920.79,85.0
2024-05-30,16878.63,16900.46,16690.36,16737.08,-0.0108,6417983500,41.9,16920.79,85.0
2024-05-31,16771.9,16789.27,16445.54,16735.02,-0.0001,6285713300,41.41,16735.02,83.56
2024-06-03,16865.7,16909.89,16646.43,16828.67,0.0056,4999584400,41.41,16735.02,83.56
2024-06-04,16823.88,16891.87,16750.39,16857.05,0.0017,4583974200,41.41,16735.02,83.56
2024-06-05,16974.48,17187.92,16955.56,17187.91,0.0196,4925136000,41.41,16735.02,83.56
2024-06-06,17204.87,17235.73,17123.59,17173.12,-0.0009,4646598100,41.41,16735.02,83.56
2024-06-07,17124.14,17229.31,17090.05,17133.13,-0.0023,4415703300,42.32,17133.13,86.02
2024-06-10,17083.45,17213.45,17057.34,17192.53,0.0035,4869275800,42.32,17133.13,86.02
2024-06-11,17160.42,17345.05,17107.99,17343.55,0.0088,4664327200,42.32,17133.13,86.02
2024-06-12,17502.15,17725.39,17490.64,17608.44,0.0153,5039489800,42.32,17133.13,86.02
2024-06-13,17715.27,17741.8,17566.32,17667.56,0.0034,4505527800,42.32,17133.13,86.02
2024-06-14,17621.18,17693.43,17590.8,17688.88,0.0012,4636415000,43.63,17688.88,88.39
2024-06-17,17697.3,17935.99,17636.36,17857.02,0.0095,5716859300,43.63,17688.88,88.39
2024-06-18,17856.76,17890.52,17796.88,17862.23,0.0003,5485482500,43.63,17688.88,88.39
2024-06-20,17913.94,17936.79,17650.7,17721.59,-0.0079,5809574000,43.63,17688.88,88.39
2024-06-21,17681.01,17787.34,17620.57,17689.36,-0.0018,8711608100,43.62,17689.36,88.31
