feature_key,param_id,param_model,train_mae,train_mse,train_r2,val_mae,val_mse,val_r2,predictions,targets,predictions_path
"NZ100_LJ,NZZH_JSZB",e3282b32,"{'lookback': [10], 'hidden_size': [32], 'num_layers': [1], 'dropout_rate': [0.2], 'lr': [0.001], 'batch_size': [32], 'epochs': [50]}",0.35681808,0.20054185,0.8072921605284172,1.7428385,3.11034,-7.402647201628932,"[10855.277 10868.469 10837.09  10840.038 10820.676 10988.082 11011.048
 11006.849 11081.805 11099.569 11166.247 11255.387 11288.651 11378.709
 11470.083 11644.616 11777.59  11797.137 11804.81  11899.354 12036.612
 12089.919 12106.184 12142.43  12214.151 12235.06 ]","[12212.6    12080.51   12025.33   11966.4    12235.41   12256.92
 12179.55   12306.44   12328.51   12284.74   12365.21   12343.05
 12500.57   12688.84   12657.9    12720.78   12560.25   12484.16
 12698.09   12975.69   13017.43   12935.29   13100.9795 13240.7705
 13229.43   13276.42  ]","data_middle\NZ100_LJ,NZZH_JSZB\e3282b32.json"
"NZ100_LJ,NZZH_JSZB",2c50f941,"{'lookback': [10], 'hidden_size': [32], 'num_layers': [1], 'dropout_rate': [0.2], 'lr': [0.001], 'batch_size': [32], 'epochs': [100]}",0.31142092,0.1501001,0.8557634541266889,1.6928365,2.9349315,-6.928777365680979,"[10927.617 10944.491 10895.762 10885.109 10857.159 11061.531 11090.604
 11062.032 11135.928 11148.601 11159.274 11231.429 11239.097 11347.08
 11473.625 11627.556 11777.098 11745.946 11721.625 11885.957 12076.02
 12157.175 12162.961 12240.367 12333.91  12358.62 ]","[12212.6    12080.51   12025.33   11966.4    12235.41   12256.92
 12179.55   12306.44   12328.51   12284.74   12365.21   12343.05
 12500.57   12688.84   12657.9    12720.78   12560.25   12484.16
 12698.09   12975.69   13017.43   12935.29   13100.9795 13240.7705
 13229.43   13276.42  ]","data_middle\NZ100_LJ,NZZH_JSZB\2c50f941.json"
"NZ100_LJ,NZZH_JSZB",c2acc403,"{'lookback': [10], 'hidden_size': [32], 'num_layers': [1], 'dropout_rate': [0.2], 'lr': [0.001], 'batch_size': [64], 'epochs': [50]}",0.479463,0.40326473,0.6124885129996842,1.8219229,3.372307,-8.110355251242979,"[11016.247  11036.046  11035.419  11033.668  11027.154  11090.579
 11136.85   11155.908  11182.49   11203.512  11243.275  11277.906
 11304.827  11342.884  11392.83   11512.362  11596.86   11636.175
 11650.8125 11694.194  11732.089  11777.832  11795.985  11807.276
 11850.684  11868.071 ]","[12212.6    12080.51   12025.33   11966.4    12235.41   12256.92
 12179.55   12306.44   12328.51   12284.74   12365.21   12343.05
 12500.57   12688.84   12657.9    12720.78   12560.25   12484.16
 12698.09   12975.69   13017.43   12935.29   13100.9795 13240.7705
 13229.43   13276.42  ]","data_middle\NZ100_LJ,NZZH_JSZB\c2acc403.json"
"NZ100_LJ,NZZH_JSZB",0fa1882f,"{'lookback': [10], 'hidden_size': [32], 'num_layers': [1], 'dropout_rate': [0.2], 'lr': [0.001], 'batch_size': [64], 'epochs': [100]}",0.23617779,0.08843112,0.9150233768797906,1.6804551,2.942083,-6.9480959260198505,"[10956.85   10944.884  10814.2705 10781.378  10717.734  11103.725
 11119.047  11024.513  11202.536  11207.641  11126.557  11196.231
 11171.098  11343.099  11524.126  11611.051  11731.422  11592.108
 11518.423  11806.006  12193.8545 12311.634  12254.604  12401.27
 12546.269  12551.949 ]","[12212.6    12080.51   12025.33   11966.4    12235.41   12256.92
 12179.55   12306.44   12328.51   12284.74   12365.21   12343.05
 12500.57   12688.84   12657.9    12720.78   12560.25   12484.16
 12698.09   12975.69   13017.43   12935.29   13100.9795 13240.7705
 13229.43   13276.42  ]","data_middle\NZ100_LJ,NZZH_JSZB\0fa1882f.json"
"NZ100_LJ,NZZH_JSZB",0f4c5848,"{'lookback': [10], 'hidden_size': [32], 'num_layers': [1], 'dropout_rate': [0.2], 'lr': [0.0005], 'batch_size': [32], 'epochs': [50]}",0.2244174,0.08081646,0.9223405710744259,1.6372612,2.8063543,-6.581422439552125,"[10982.207 10944.482 10772.894 10755.815 10696.29  11151.733 11128.145
 11017.421 11215.127 11219.112 11154.382 11260.829 11225.485 11417.769
 11604.818 11673.501 11808.886 11632.575 11542.127 11860.849 12218.539
 12352.429 12293.281 12400.342 12559.295 12581.567]","[12212.6    12080.51   12025.33   11966.4    12235.41   12256.92
 12179.55   12306.44   12328.51   12284.74   12365.21   12343.05
 12500.57   12688.84   12657.9    12720.78   12560.25   12484.16
 12698.09   12975.69   13017.43   12935.29   13100.9795 13240.7705
 13229.43   13276.42  ]","data_middle\NZ100_LJ,NZZH_JSZB\0f4c5848.json"
"NZ100_LJ,NZZH_JSZB",74525c0b,"{'lookback': [10], 'hidden_size': [32], 'num_layers': [1], 'dropout_rate': [0.2], 'lr': [0.0005], 'batch_size': [32], 'epochs': [100]}",0.2472595,0.094042696,0.9096310110632712,1.6596273,2.8450627,-6.685993882551693,"[10956.209  10937.227  10817.45   10798.635  10762.807  11124.655
 11145.095  11071.4795 11220.028  11231.419  11195.907  11268.877
 11244.551  11373.149  11518.795  11664.458  11783.844  11672.807
 11600.18   11806.371  12097.155  12243.7705 12251.837  12339.21
 12467.832  12504.566 ]","[12212.6    12080.51   12025.33   11966.4    12235.41   12256.92
 12179.55   12306.44   12328.51   12284.74   12365.21   12343.05
 12500.57   12688.84   12657.9    12720.78   12560.25   12484.16
 12698.09   12975.69   13017.43   12935.29   13100.9795 13240.7705
 13229.43   13276.42  ]","data_middle\NZ100_LJ,NZZH_JSZB\74525c0b.json"
"NZ100_LJ,NZZH_JSZB",11ba0072,"{'lookback': [10], 'hidden_size': [32], 'num_layers': [1], 'dropout_rate': [0.2], 'lr': [0.0005], 'batch_size': [64], 'epochs': [50]}",0.33366534,0.16725816,0.8392756659776364,1.7645142,3.2012062,-7.6481223353342305,"[10846.193 10868.    10853.228 10859.365 10855.115 11032.509 11053.295
 11041.627 11119.724 11133.128 11118.432 11156.834 11153.187 11214.584
 11287.988 11471.935 11652.293 11675.228 11704.179 11860.592 12077.225
 12154.805 12173.83  12240.701 12362.328 12389.405]","[12212.6    12080.51   12025.33   11966.4    12235.41   12256.92
 12179.55   12306.44   12328.51   12284.74   12365.21   12343.05
 12500.57   12688.84   12657.9    12720.78   12560.25   12484.16
 12698.09   12975.69   13017.43   12935.29   13100.9795 13240.7705
 13229.43   13276.42  ]","data_middle\NZ100_LJ,NZZH_JSZB\11ba0072.json"
"NZ100_LJ,NZZH_JSZB",6c04d7f9,"{'lookback': [10], 'hidden_size': [32], 'num_layers': [1], 'dropout_rate': [0.2], 'lr': [0.0005], 'batch_size': [64], 'epochs': [100]}",0.42551565,0.30211702,0.7096849653880286,1.8062294,3.304069,-7.926008456243027,"[10962.421 10976.893 10968.467 10976.457 10969.346 11054.987 11061.834
 11050.902 11085.261 11088.643 11157.199 11227.123 11263.394 11330.376
 11401.013 11540.69  11661.99  11707.845 11736.064 11789.08  11863.858
 11895.33  11917.511 11962.509 12001.709 12011.767]","[12212.6    12080.51   12025.33   11966.4    12235.41   12256.92
 12179.55   12306.44   12328.51   12284.74   12365.21   12343.05
 12500.57   12688.84   12657.9    12720.78   12560.25   12484.16
 12698.09   12975.69   13017.43   12935.29   13100.9795 13240.7705
 13229.43   13276.42  ]","data_middle\NZ100_LJ,NZZH_JSZB\6c04d7f9.json"
"NZ100_LJ,NZZH_JSZB",967621ab,"{'lookback': [10], 'hidden_size': [32], 'num_layers': [1], 'dropout_rate': [0.3], 'lr': [0.001], 'batch_size': [32], 'epochs': [50]}",0.36882228,0.20525217,0.8027658296910575,1.711863,3.0001574,-7.104984960716353,"[10871.728 10896.288 10882.531 10877.69  10877.353 11001.995 11050.755
 11058.717 11104.052 11135.262 11203.073 11270.424 11301.216 11363.678
 11449.469 11643.508 11781.521 11816.516 11829.752 11922.229 12047.464
 12111.29  12113.577 12154.17  12220.766 12245.447]","[12212.6    12080.51   12025.33   11966.4    12235.41   12256.92
 12179.55   12306.44   12328.51   12284.74   12365.21   12343.05
 12500.57   12688.84   12657.9    12720.78   12560.25   12484.16
 12698.09   12975.69   13017.43   12935.29   13100.9795 13240.7705
 13229.43   13276.42  ]","data_middle\NZ100_LJ,NZZH_JSZB\967621ab.json"
"NZ100_LJ,NZZH_JSZB",e1a01ed1,"{'lookback': [10], 'hidden_size': [32], 'num_layers': [1], 'dropout_rate': [0.3], 'lr': [0.001], 'batch_size': [32], 'epochs': [100]}",0.32790616,0.16129039,0.8450102763579994,1.720275,3.0283523,-7.18115486815528,"[10910.014 10927.415 10891.165 10885.723 10876.581 11063.627 11104.468
 11098.72  11173.998 11194.612 11185.134 11215.048 11204.303 11269.836
 11353.969 11530.04  11672.761 11707.411 11714.005 11821.344 12018.158
 12155.951 12215.175 12234.087 12305.888 12361.282]","[12212.6    12080.51   12025.33   11966.4    12235.41   12256.92
 12179.55   12306.44   12328.51   12284.74   12365.21   12343.05
 12500.57   12688.84   12657.9    12720.78   12560.25   12484.16
 12698.09   12975.69   13017.43   12935.29   13100.9795 13240.7705
 13229.43   13276.42  ]","data_middle\NZ100_LJ,NZZH_JSZB\e1a01ed1.json"
"NZ100_LJ,NZZH_JSZB",40d0e8b9,"{'lookback': [10], 'hidden_size': [32], 'num_layers': [1], 'dropout_rate': [0.3], 'lr': [0.001], 'batch_size': [64], 'epochs': [50]}",0.42875284,0.3077806,0.7042426194658333,1.838882,3.4237342,-8.249287671783133,"[10921.895  10929.879  10926.661  10930.098  10935.848  11027.682
 11046.765  11056.208  11093.347  11105.6045 11124.295  11178.892
 11202.772  11272.503  11358.924  11504.897  11639.612  11678.913
 11694.379  11789.167  11883.631  11926.714  11931.978  11951.36
 12000.437  12007.723 ]","[12212.6    12080.51   12025.33   11966.4    12235.41   12256.92
 12179.55   12306.44   12328.51   12284.74   12365.21   12343.05
 12500.57   12688.84   12657.9    12720.78   12560.25   12484.16
 12698.09   12975.69   13017.43   12935.29   13100.9795 13240.7705
 13229.43   13276.42  ]","data_middle\NZ100_LJ,NZZH_JSZB\40d0e8b9.json"
"NZ100_LJ,NZZH_JSZB",65ca4103,"{'lookback': [10], 'hidden_size': [32], 'num_layers': [1], 'dropout_rate': [0.3], 'lr': [0.001], 'batch_size': [64], 'epochs': [100]}",0.33901614,0.17296976,0.8337871708820799,1.7728426,3.2226028,-7.705926375896665,"[10827.726  10853.305  10841.438  10836.448  10819.171  10954.512
 11021.579  11033.954  11093.719  11120.155  11125.723  11165.889
 11195.309  11269.557  11377.686  11558.524  11697.669  11739.062
 11745.911  11844.589  12003.415  12109.708  12149.643  12205.466
 12298.385  12328.8125]","[12212.6    12080.51   12025.33   11966.4    12235.41   12256.92
 12179.55   12306.44   12328.51   12284.74   12365.21   12343.05
 12500.57   12688.84   12657.9    12720.78   12560.25   12484.16
 12698.09   12975.69   13017.43   12935.29   13100.9795 13240.7705
 13229.43   13276.42  ]","data_middle\NZ100_LJ,NZZH_JSZB\65ca4103.json"
"NZ100_LJ,NZZH_JSZB",dc5949b4,"{'lookback': [10], 'hidden_size': [32], 'num_layers': [1], 'dropout_rate': [0.3], 'lr': [0.0005], 'batch_size': [32], 'epochs': [50]}",0.2993436,0.13361971,0.8716000593910394,1.6954522,2.9431446,-6.950964757798792,"[10928.935 10946.437 10895.362 10888.565 10853.785 11073.676 11112.258
 11086.55  11184.766 11207.151 11202.55  11238.863 11225.67  11309.653
 11425.6   11576.829 11710.947 11687.714 11655.602 11817.776 12055.732
 12178.502 12196.423 12270.012 12368.713 12405.044]","[12212.6    12080.51   12025.33   11966.4    12235.41   12256.92
 12179.55   12306.44   12328.51   12284.74   12365.21   12343.05
 12500.57   12688.84   12657.9    12720.78   12560.25   12484.16
 12698.09   12975.69   13017.43   12935.29   13100.9795 13240.7705
 13229.43   13276.42  ]","data_middle\NZ100_LJ,NZZH_JSZB\dc5949b4.json"
"NZ100_LJ,NZZH_JSZB",9b876d06,"{'lookback': [10], 'hidden_size': [32], 'num_layers': [1], 'dropout_rate': [0.3], 'lr': [0.0005], 'batch_size': [32], 'epochs': [100]}",0.2278552,0.08128574,0.9218896289676111,1.6670743,2.9092603,-6.859425178380146,"[11004.479 10963.798 10769.464 10721.207 10651.669 11059.373 11061.269
 10955.086 11162.466 11174.938 11135.183 11258.601 11232.073 11433.84
 11632.662 11705.525 11828.577 11637.632 11526.579 11817.285 12180.945
 12317.225 12251.072 12364.915 12549.596 12579.124]","[12212.6    12080.51   12025.33   11966.4    12235.41   12256.92
 12179.55   12306.44   12328.51   12284.74   12365.21   12343.05
 12500.57   12688.84   12657.9    12720.78   12560.25   12484.16
 12698.09   12975.69   13017.43   12935.29   13100.9795 13240.7705
 13229.43   13276.42  ]","data_middle\NZ100_LJ,NZZH_JSZB\9b876d06.json"
"NZ100_LJ,NZZH_JSZB",67ed3f47,"{'lookback': [10], 'hidden_size': [32], 'num_layers': [1], 'dropout_rate': [0.3], 'lr': [0.0005], 'batch_size': [64], 'epochs': [50]}",0.22653136,0.07976405,0.9233518722806793,1.6772834,2.912718,-6.868765685356305,"[10968.078 10938.816 10777.868 10754.589 10702.554 11097.488 11095.249
 10996.018 11177.521 11182.653 11178.507 11286.555 11256.867 11421.526
 11585.022 11666.97  11781.924 11644.51  11561.7   11803.404 12138.647
 12266.488 12214.848 12327.066 12474.163 12505.941]","[12212.6    12080.51   12025.33   11966.4    12235.41   12256.92
 12179.55   12306.44   12328.51   12284.74   12365.21   12343.05
 12500.57   12688.84   12657.9    12720.78   12560.25   12484.16
 12698.09   12975.69   13017.43   12935.29   13100.9795 13240.7705
 13229.43   13276.42  ]","data_middle\NZ100_LJ,NZZH_JSZB\67ed3f47.json"
"NZ100_LJ,NZZH_JSZB",2c865b09,"{'lookback': [10], 'hidden_size': [32], 'num_layers': [1], 'dropout_rate': [0.3], 'lr': [0.0005], 'batch_size': [64], 'epochs': [100]}",0.25423306,0.10015468,0.9037577815144446,1.6849754,2.952471,-6.976160378197187,"[10926.194  10910.275  10810.215  10809.582  10769.873  11127.464
 11127.183  11049.998  11208.3955 11207.391  11142.426  11205.8955
 11180.607  11314.773  11460.902  11599.752  11718.565  11625.538
 11540.782  11755.451  12138.99   12333.64   12331.192  12379.343
 12487.372  12515.379 ]","[12212.6    12080.51   12025.33   11966.4    12235.41   12256.92
 12179.55   12306.44   12328.51   12284.74   12365.21   12343.05
 12500.57   12688.84   12657.9    12720.78   12560.25   12484.16
 12698.09   12975.69   13017.43   12935.29   13100.9795 13240.7705
 13229.43   13276.42  ]","data_middle\NZ100_LJ,NZZH_JSZB\2c865b09.json"
"NZ100_LJ,NZZH_JSZB",d7435543,"{'lookback': [10], 'hidden_size': [32], 'num_layers': [2], 'dropout_rate': [0.2], 'lr': [0.001], 'batch_size': [32], 'epochs': [50]}",0.23183337,0.081629984,0.9215588393711323,1.8144641,3.374061,-8.1150938652511,"[10910.118  10915.917  10778.696  10703.526  10635.669  10887.721
 10984.731  10944.508  11069.555  11128.351  11132.641  11232.332
 11252.8955 11394.872  11575.46   11606.867  11684.976  11555.272
 11436.734  11621.83   11935.376  12102.316  12068.289  12187.6875
 12356.618  12422.902 ]","[12212.6    12080.51   12025.33   11966.4    12235.41   12256.92
 12179.55   12306.44   12328.51   12284.74   12365.21   12343.05
 12500.57   12688.84   12657.9    12720.78   12560.25   12484.16
 12698.09   12975.69   13017.43   12935.29   13100.9795 13240.7705
 13229.43   13276.42  ]","data_middle\NZ100_LJ,NZZH_JSZB\d7435543.json"
"NZ100_LJ,NZZH_JSZB",a02d052a,"{'lookback': [10], 'hidden_size': [32], 'num_layers': [2], 'dropout_rate': [0.2], 'lr': [0.001], 'batch_size': [32], 'epochs': [100]}",0.38291785,0.22521731,0.7835806388136727,1.8636081,3.5269969,-8.52825293267883,"[10784.0205 10811.539  10819.834  10827.932  10829.046  10902.048
 10967.944  11016.163  11078.204  11122.053  11143.993  11177.293
 11201.696  11246.009  11314.184  11419.983  11554.627  11649.029
 11699.111  11778.298  11890.267  11988.851  12055.48   12096.349
 12148.172  12187.26  ]","[12212.6    12080.51   12025.33   11966.4    12235.41   12256.92
 12179.55   12306.44   12328.51   12284.74   12365.21   12343.05
 12500.57   12688.84   12657.9    12720.78   12560.25   12484.16
 12698.09   12975.69   13017.43   12935.29   13100.9795 13240.7705
 13229.43   13276.42  ]","data_middle\NZ100_LJ,NZZH_JSZB\a02d052a.json"
"NZ100_LJ,NZZH_JSZB",48039744,"{'lookback': [10], 'hidden_size': [32], 'num_layers': [2], 'dropout_rate': [0.2], 'lr': [0.001], 'batch_size': [64], 'epochs': [50]}",0.4663858,0.3451499,0.6683331127965828,1.9048171,3.6631176,-8.89598605675281,"[10947.524  10957.91   10962.981  10968.731  10970.9375 10997.713
 11023.701  11046.764  11076.551  11102.967  11125.97   11153.659
 11181.345  11216.408  11262.488  11344.117  11445.249  11542.883
 11615.699  11684.29   11762.208  11837.561  11895.032  11931.729
 11972.518  11997.802 ]","[12212.6    12080.51   12025.33   11966.4    12235.41   12256.92
 12179.55   12306.44   12328.51   12284.74   12365.21   12343.05
 12500.57   12688.84   12657.9    12720.78   12560.25   12484.16
 12698.09   12975.69   13017.43   12935.29   13100.9795 13240.7705
 13229.43   13276.42  ]","data_middle\NZ100_LJ,NZZH_JSZB\48039744.json"
"NZ100_LJ,NZZH_JSZB",301e1501,"{'lookback': [10], 'hidden_size': [32], 'num_layers': [2], 'dropout_rate': [0.2], 'lr': [0.001], 'batch_size': [64], 'epochs': [100]}",0.4665271,0.34289125,0.6705035376440445,1.8620752,3.5087438,-8.478942466873228,"[10968.498  10981.209  10988.5    10994.922  10996.685  11019.6875
 11038.52   11053.879  11071.999  11085.755  11110.799  11143.875
 11177.322  11219.834  11278.065  11376.619  11499.733  11609.888
 11689.542  11765.428  11829.529  11890.447  11936.043  11966.819
 12006.787  12034.466 ]","[12212.6    12080.51   12025.33   11966.4    12235.41   12256.92
 12179.55   12306.44   12328.51   12284.74   12365.21   12343.05
 12500.57   12688.84   12657.9    12720.78   12560.25   12484.16
 12698.09   12975.69   13017.43   12935.29   13100.9795 13240.7705
 13229.43   13276.42  ]","data_middle\NZ100_LJ,NZZH_JSZB\301e1501.json"
"NZ100_LJ,NZZH_JSZB",4c782c26,"{'lookback': [10], 'hidden_size': [32], 'num_layers': [2], 'dropout_rate': [0.2], 'lr': [0.0005], 'batch_size': [32], 'epochs': [50]}",0.3410577,0.17572702,0.8311376248843381,1.8393929,3.449977,-8.320182844831798,"[10759.688 10785.687 10795.175 10804.72  10809.362 10887.454 10961.943
 11024.662 11107.148 11162.393 11185.758 11211.821 11218.673 11253.866
 11323.207 11428.188 11564.766 11632.914 11647.596 11735.661 11907.88
 12045.945 12117.679 12184.972 12255.59  12298.95 ]","[12212.6    12080.51   12025.33   11966.4    12235.41   12256.92
 12179.55   12306.44   12328.51   12284.74   12365.21   12343.05
 12500.57   12688.84   12657.9    12720.78   12560.25   12484.16
 12698.09   12975.69   13017.43   12935.29   13100.9795 13240.7705
 13229.43   13276.42  ]","data_middle\NZ100_LJ,NZZH_JSZB\4c782c26.json"
"NZ100_LJ,NZZH_JSZB",b43ecfa7,"{'lookback': [10], 'hidden_size': [32], 'num_layers': [2], 'dropout_rate': [0.2], 'lr': [0.0005], 'batch_size': [32], 'epochs': [100]}",0.3780489,0.21509962,0.7933030786895772,1.8556626,3.502543,-8.46218991570159,"[10790.281  10817.698  10829.901  10839.908  10842.282  10908.392
 10964.541  11006.693  11064.352  11103.945  11131.801  11168.947
 11195.673  11237.974  11300.06   11403.664  11540.625  11635.0205
 11686.682  11764.402  11900.233  12017.695  12089.902  12150.188
 12208.254  12242.275 ]","[12212.6    12080.51   12025.33   11966.4    12235.41   12256.92
 12179.55   12306.44   12328.51   12284.74   12365.21   12343.05
 12500.57   12688.84   12657.9    12720.78   12560.25   12484.16
 12698.09   12975.69   13017.43   12935.29   13100.9795 13240.7705
 13229.43   13276.42  ]","data_middle\NZ100_LJ,NZZH_JSZB\b43ecfa7.json"
"NZ100_LJ,NZZH_JSZB",53b29daf,"{'lookback': [10], 'hidden_size': [32], 'num_layers': [2], 'dropout_rate': [0.2], 'lr': [0.0005], 'batch_size': [64], 'epochs': [50]}",0.42843908,0.26685005,0.7435742563415079,1.8637973,3.5463896,-8.580643077690885,"[10847.385 10864.101 10867.719 10870.857 10873.003 10912.388 10945.09
 10965.822 10996.933 11021.777 11045.401 11087.753 11126.239 11186.195
 11274.749 11407.704 11568.445 11687.986 11760.998 11851.099 11946.414
 12030.517 12082.786 12121.402 12166.028 12197.448]","[12212.6    12080.51   12025.33   11966.4    12235.41   12256.92
 12179.55   12306.44   12328.51   12284.74   12365.21   12343.05
 12500.57   12688.84   12657.9    12720.78   12560.25   12484.16
 12698.09   12975.69   13017.43   12935.29   13100.9795 13240.7705
 13229.43   13276.42  ]","data_middle\NZ100_LJ,NZZH_JSZB\53b29daf.json"
"NZ100_LJ,NZZH_JSZB",b5e11f58,"{'lookback': [10], 'hidden_size': [32], 'num_layers': [2], 'dropout_rate': [0.2], 'lr': [0.0005], 'batch_size': [64], 'epochs': [100]}",0.47445735,0.36518785,0.6490779341342594,1.9308813,3.7620702,-9.163308935208626,"[10917.825 10925.987 10930.425 10935.052 10937.791 10963.368 10990.535
 11018.628 11054.289 11086.577 11119.353 11154.341 11190.71  11232.292
 11286.015 11362.293 11461.108 11550.56  11614.084 11677.36  11755.597
 11820.162 11862.325 11891.928 11917.526 11935.578]","[12212.6    12080.51   12025.33   11966.4    12235.41   12256.92
 12179.55   12306.44   12328.51   12284.74   12365.21   12343.05
 12500.57   12688.84   12657.9    12720.78   12560.25   12484.16
 12698.09   12975.69   13017.43   12935.29   13100.9795 13240.7705
 13229.43   13276.42  ]","data_middle\NZ100_LJ,NZZH_JSZB\b5e11f58.json"
"NZ100_LJ,NZZH_JSZB",d0dec1ec,"{'lookback': [10], 'hidden_size': [32], 'num_layers': [2], 'dropout_rate': [0.3], 'lr': [0.001], 'batch_size': [32], 'epochs': [50]}",0.3501535,0.18301184,0.8241373870568459,1.8273367,3.3987126,-8.181690686354413,"[10789.821 10820.193 10830.016 10837.726 10842.421 10922.471 10997.999
 11051.691 11118.702 11164.542 11187.121 11216.738 11228.324 11259.307
 11313.307 11413.534 11538.627 11616.734 11648.798 11720.52  11874.489
 12021.    12116.831 12190.007 12267.13  12323.947]","[12212.6    12080.51   12025.33   11966.4    12235.41   12256.92
 12179.55   12306.44   12328.51   12284.74   12365.21   12343.05
 12500.57   12688.84   12657.9    12720.78   12560.25   12484.16
 12698.09   12975.69   13017.43   12935.29   13100.9795 13240.7705
 13229.43   13276.42  ]","data_middle\NZ100_LJ,NZZH_JSZB\d0dec1ec.json"
"NZ100_LJ,NZZH_JSZB",ebfd4850,"{'lookback': [10], 'hidden_size': [32], 'num_layers': [2], 'dropout_rate': [0.3], 'lr': [0.001], 'batch_size': [32], 'epochs': [100]}",0.39499915,0.23602985,0.7731904956538518,1.8630656,3.5263965,-8.526631280929404,"[10824.659  10843.908  10855.161  10863.154  10863.035  10900.642
 10945.076  10985.233  11036.168  11087.153  11123.909  11159.157
 11189.847  11231.58   11304.0625 11414.054  11552.192  11650.567
 11694.189  11762.827  11889.807  11997.446  12066.311  12119.514
 12165.704  12193.044 ]","[12212.6    12080.51   12025.33   11966.4    12235.41   12256.92
 12179.55   12306.44   12328.51   12284.74   12365.21   12343.05
 12500.57   12688.84   12657.9    12720.78   12560.25   12484.16
 12698.09   12975.69   13017.43   12935.29   13100.9795 13240.7705
 13229.43   13276.42  ]","data_middle\NZ100_LJ,NZZH_JSZB\ebfd4850.json"
"NZ100_LJ,NZZH_JSZB",3dddd931,"{'lookback': [10], 'hidden_size': [32], 'num_layers': [2], 'dropout_rate': [0.3], 'lr': [0.001], 'batch_size': [64], 'epochs': [50]}",0.49458387,0.4121504,0.6039499083737069,1.8769759,3.5645525,-8.629710497632331,"[10993.185 11003.963 11009.068 11014.116 11014.019 11041.053 11064.808
 11085.42  11119.173 11144.42  11171.079 11208.441 11244.8   11290.978
 11348.217 11422.229 11506.362 11578.872 11626.475 11670.34  11723.687
 11777.031 11819.019 11848.685 11873.534 11888.321]","[12212.6    12080.51   12025.33   11966.4    12235.41   12256.92
 12179.55   12306.44   12328.51   12284.74   12365.21   12343.05
 12500.57   12688.84   12657.9    12720.78   12560.25   12484.16
 12698.09   12975.69   13017.43   12935.29   13100.9795 13240.7705
 13229.43   13276.42  ]","data_middle\NZ100_LJ,NZZH_JSZB\3dddd931.json"
"NZ100_LJ,NZZH_JSZB",87a82c46,"{'lookback': [10], 'hidden_size': [32], 'num_layers': [2], 'dropout_rate': [0.3], 'lr': [0.001], 'batch_size': [64], 'epochs': [100]}",0.39224872,0.23640007,0.7728347417078648,1.8791894,3.5858412,-8.687221500835971,"[10760.379  10782.113  10793.699  10804.097  10808.82   10857.221
 10913.421  10971.967  11040.361  11097.771  11148.826  11198.147
 11238.565  11287.795  11360.357  11453.37   11572.711  11661.67
 11708.892  11777.516  11878.605  11966.731  12024.4795 12070.639
 12119.793  12152.566 ]","[12212.6    12080.51   12025.33   11966.4    12235.41   12256.92
 12179.55   12306.44   12328.51   12284.74   12365.21   12343.05
 12500.57   12688.84   12657.9    12720.78   12560.25   12484.16
 12698.09   12975.69   13017.43   12935.29   13100.9795 13240.7705
 13229.43   13276.42  ]","data_middle\NZ100_LJ,NZZH_JSZB\87a82c46.json"
"NZ100_LJ,NZZH_JSZB",974bc68d,"{'lookback': [10], 'hidden_size': [32], 'num_layers': [2], 'dropout_rate': [0.3], 'lr': [0.0005], 'batch_size': [32], 'epochs': [50]}",0.3578326,0.19551052,0.8121269461788554,1.8727282,3.5623534,-8.623768953994741,"[10779.3545 10807.415  10818.189  10826.11   10825.034  10892.896
 10959.84   11007.628  11079.468  11138.067  11163.41   11187.211
 11193.223  11227.131  11293.162  11395.885  11523.462  11600.965
 11628.918  11708.029  11851.065  11981.77   12067.141  12136.944
 12209.295  12256.251 ]","[12212.6    12080.51   12025.33   11966.4    12235.41   12256.92
 12179.55   12306.44   12328.51   12284.74   12365.21   12343.05
 12500.57   12688.84   12657.9    12720.78   12560.25   12484.16
 12698.09   12975.69   13017.43   12935.29   13100.9795 13240.7705
 13229.43   13276.42  ]","data_middle\NZ100_LJ,NZZH_JSZB\974bc68d.json"
"NZ100_LJ,NZZH_JSZB",77a2f7fa,"{'lookback': [10], 'hidden_size': [32], 'num_layers': [2], 'dropout_rate': [0.3], 'lr': [0.0005], 'batch_size': [32], 'epochs': [100]}",0.40490037,0.25016618,0.7596063563971198,1.8802445,3.5819967,-8.676835730666227,"[10803.667 10830.783 10848.73  10863.206 10866.435 10910.884 10961.244
 11007.288 11058.954 11102.523 11137.353 11170.164 11199.08  11234.674
 11290.508 11393.964 11517.58  11622.739 11683.549 11752.254 11857.745
 11954.337 12020.544 12066.599 12121.893 12156.289]","[12212.6    12080.51   12025.33   11966.4    12235.41   12256.92
 12179.55   12306.44   12328.51   12284.74   12365.21   12343.05
 12500.57   12688.84   12657.9    12720.78   12560.25   12484.16
 12698.09   12975.69   13017.43   12935.29   13100.9795 13240.7705
 13229.43   13276.42  ]","data_middle\NZ100_LJ,NZZH_JSZB\77a2f7fa.json"
"NZ100_LJ,NZZH_JSZB",2adad937,"{'lookback': [10], 'hidden_size': [32], 'num_layers': [2], 'dropout_rate': [0.3], 'lr': [0.0005], 'batch_size': [64], 'epochs': [50]}",0.50252646,0.42442003,0.592159590321609,1.8570054,3.494995,-8.44180022318089,"[11042.679 11052.266 11056.119 11059.416 11060.191 11080.251 11100.3
 11116.069 11137.522 11155.089 11178.913 11208.43  11236.264 11273.396
 11323.705 11398.413 11487.978 11562.676 11616.11  11673.891 11739.598
 11792.883 11831.406 11859.226 11881.295 11894.995]","[12212.6    12080.51   12025.33   11966.4    12235.41   12256.92
 12179.55   12306.44   12328.51   12284.74   12365.21   12343.05
 12500.57   12688.84   12657.9    12720.78   12560.25   12484.16
 12698.09   12975.69   13017.43   12935.29   13100.9795 13240.7705
 13229.43   13276.42  ]","data_middle\NZ100_LJ,NZZH_JSZB\2adad937.json"
"NZ100_LJ,NZZH_JSZB",36c3e7c3,"{'lookback': [10], 'hidden_size': [32], 'num_layers': [2], 'dropout_rate': [0.3], 'lr': [0.0005], 'batch_size': [64], 'epochs': [100]}",0.47769338,0.3727019,0.6418573902863813,1.9218005,3.733055,-9.084923535032333,"[10955.944  10968.337  10977.0625 10983.941  10986.392  11009.708
 11029.354  11043.421  11064.49   11081.423  11110.041  11146.173
 11178.733  11220.436  11272.446  11363.744  11468.892  11552.627
 11611.644  11676.574  11741.033  11795.322  11832.571  11859.287
 11895.159  11917.823 ]","[12212.6    12080.51   12025.33   11966.4    12235.41   12256.92
 12179.55   12306.44   12328.51   12284.74   12365.21   12343.05
 12500.57   12688.84   12657.9    12720.78   12560.25   12484.16
 12698.09   12975.69   13017.43   12935.29   13100.9795 13240.7705
 13229.43   13276.42  ]","data_middle\NZ100_LJ,NZZH_JSZB\36c3e7c3.json"
"NZ100_LJ,NZZH_JSZB",46bd62a7,"{'lookback': [10], 'hidden_size': [64], 'num_layers': [1], 'dropout_rate': [0.2], 'lr': [0.001], 'batch_size': [32], 'epochs': [50]}",0.22312589,0.079402596,0.9236992109441745,1.6626439,2.8881073,-6.802280416136216,"[10994.085  10964.176  10784.113  10742.758  10669.802  11095.479
 11101.967  10989.392  11187.447  11193.91   11145.97   11253.96
 11224.649  11418.543  11623.6    11686.819  11811.302  11603.765
 11487.061  11824.9795 12240.183  12331.956  12206.787  12359.7
 12541.231  12564.561 ]","[12212.6    12080.51   12025.33   11966.4    12235.41   12256.92
 12179.55   12306.44   12328.51   12284.74   12365.21   12343.05
 12500.57   12688.84   12657.9    12720.78   12560.25   12484.16
 12698.09   12975.69   13017.43   12935.29   13100.9795 13240.7705
 13229.43   13276.42  ]","data_middle\NZ100_LJ,NZZH_JSZB\46bd62a7.json"
"NZ100_LJ,NZZH_JSZB",d103ef5c,"{'lookback': [10], 'hidden_size': [64], 'num_layers': [1], 'dropout_rate': [0.2], 'lr': [0.001], 'batch_size': [32], 'epochs': [100]}",0.22317207,0.08027928,0.9228567667702227,1.6432269,2.8207498,-6.620311988789068,"[11036.175 10984.976 10790.47  10760.302 10688.405 11139.755 11116.296
 10983.562 11192.875 11191.612 11140.174 11261.233 11227.766 11444.472
 11662.024 11686.16  11808.51  11600.632 11504.062 11852.457 12229.945
 12326.965 12209.595 12384.286 12570.844 12577.233]","[12212.6    12080.51   12025.33   11966.4    12235.41   12256.92
 12179.55   12306.44   12328.51   12284.74   12365.21   12343.05
 12500.57   12688.84   12657.9    12720.78   12560.25   12484.16
 12698.09   12975.69   13017.43   12935.29   13100.9795 13240.7705
 13229.43   13276.42  ]","data_middle\NZ100_LJ,NZZH_JSZB\d103ef5c.json"
"NZ100_LJ,NZZH_JSZB",32697d84,"{'lookback': [10], 'hidden_size': [64], 'num_layers': [1], 'dropout_rate': [0.2], 'lr': [0.001], 'batch_size': [64], 'epochs': [50]}",0.34756532,0.18037686,0.8266694425582997,1.7466223,3.1234968,-7.4381885036261135,"[10867.981 10890.947 10873.507 10880.83  10868.454 11007.173 11036.581
 11030.633 11108.454 11132.035 11146.84  11199.713 11213.379 11292.079
 11390.663 11544.398 11676.656 11703.486 11698.096 11808.635 11997.131
 12133.068 12188.205 12232.394 12337.1   12394.535]","[12212.6    12080.51   12025.33   11966.4    12235.41   12256.92
 12179.55   12306.44   12328.51   12284.74   12365.21   12343.05
 12500.57   12688.84   12657.9    12720.78   12560.25   12484.16
 12698.09   12975.69   13017.43   12935.29   13100.9795 13240.7705
 13229.43   13276.42  ]","data_middle\NZ100_LJ,NZZH_JSZB\32697d84.json"
"NZ100_LJ,NZZH_JSZB",9f2654e6,"{'lookback': [10], 'hidden_size': [64], 'num_layers': [1], 'dropout_rate': [0.2], 'lr': [0.001], 'batch_size': [64], 'epochs': [100]}",0.24146806,0.089565955,0.9139328753687056,1.62413,2.7371523,-6.394472624833411,"[10996.284 10985.491 10850.892 10826.819 10780.958 11133.657 11146.01
 11059.883 11201.585 11211.072 11196.244 11292.331 11266.984 11415.109
 11581.627 11681.732 11805.93  11662.036 11571.579 11822.202 12177.829
 12312.173 12248.015 12359.312 12537.986 12564.318]","[12212.6    12080.51   12025.33   11966.4    12235.41   12256.92
 12179.55   12306.44   12328.51   12284.74   12365.21   12343.05
 12500.57   12688.84   12657.9    12720.78   12560.25   12484.16
 12698.09   12975.69   13017.43   12935.29   13100.9795 13240.7705
 13229.43   13276.42  ]","data_middle\NZ100_LJ,NZZH_JSZB\9f2654e6.json"
"NZ100_LJ,NZZH_JSZB",bbdfc04a,"{'lookback': [10], 'hidden_size': [64], 'num_layers': [1], 'dropout_rate': [0.2], 'lr': [0.0005], 'batch_size': [32], 'epochs': [50]}",0.22391456,0.08043639,0.9227057901633208,1.6274348,2.778776,-6.506918973070901,"[11027.518 10983.952 10790.45  10751.199 10684.263 11134.665 11127.57
 10986.578 11181.537 11184.681 11155.284 11281.343 11251.322 11451.584
 11659.817 11711.888 11829.752 11628.662 11524.1   11835.268 12214.047
 12346.898 12265.657 12415.281 12593.722 12616.114]","[12212.6    12080.51   12025.33   11966.4    12235.41   12256.92
 12179.55   12306.44   12328.51   12284.74   12365.21   12343.05
 12500.57   12688.84   12657.9    12720.78   12560.25   12484.16
 12698.09   12975.69   13017.43   12935.29   13100.9795 13240.7705
 13229.43   13276.42  ]","data_middle\NZ100_LJ,NZZH_JSZB\bbdfc04a.json"
"NZ100_LJ,NZZH_JSZB",37f87a66,"{'lookback': [10], 'hidden_size': [64], 'num_layers': [1], 'dropout_rate': [0.2], 'lr': [0.0005], 'batch_size': [32], 'epochs': [100]}",0.21871568,0.07649332,0.9264948348156455,1.6165723,2.747459,-6.422314933189998,"[11026.963  10977.04   10773.476  10730.623  10661.96   11144.13
 11129.425  10988.923  11200.354  11207.867  11153.917  11294.797
 11273.933  11493.034  11708.901  11741.34   11859.427  11638.612
 11525.297  11869.956  12268.383  12352.6045 12200.153  12356.396
 12594.04   12642.076 ]","[12212.6    12080.51   12025.33   11966.4    12235.41   12256.92
 12179.55   12306.44   12328.51   12284.74   12365.21   12343.05
 12500.57   12688.84   12657.9    12720.78   12560.25   12484.16
 12698.09   12975.69   13017.43   12935.29   13100.9795 13240.7705
 13229.43   13276.42  ]","data_middle\NZ100_LJ,NZZH_JSZB\37f87a66.json"
"NZ100_LJ,NZZH_JSZB",fbb4ff34,"{'lookback': [10], 'hidden_size': [64], 'num_layers': [1], 'dropout_rate': [0.2], 'lr': [0.0005], 'batch_size': [64], 'epochs': [50]}",0.23051561,0.083234884,0.9200166169050799,1.6215515,2.7546551,-6.441756682431223,"[11011.628 10991.104 10827.409 10790.886 10725.503 11133.048 11137.93
 11030.106 11207.189 11210.071 11165.449 11269.308 11236.016 11416.859
 11606.844 11683.683 11801.436 11619.656 11519.888 11826.321 12232.986
 12365.096 12286.878 12430.636 12604.222 12600.746]","[12212.6    12080.51   12025.33   11966.4    12235.41   12256.92
 12179.55   12306.44   12328.51   12284.74   12365.21   12343.05
 12500.57   12688.84   12657.9    12720.78   12560.25   12484.16
 12698.09   12975.69   13017.43   12935.29   13100.9795 13240.7705
 13229.43   13276.42  ]","data_middle\NZ100_LJ,NZZH_JSZB\fbb4ff34.json"
"NZ100_LJ,NZZH_JSZB",e7b1c6ea,"{'lookback': [10], 'hidden_size': [64], 'num_layers': [1], 'dropout_rate': [0.2], 'lr': [0.0005], 'batch_size': [64], 'epochs': [100]}",0.2528761,0.09619814,0.9075597660482464,1.6492915,2.8166661,-6.609281289940696,"[10940.86  10961.641 10865.436 10846.426 10792.92  11098.869 11137.611
 11077.443 11207.047 11230.577 11190.309 11253.738 11233.863 11364.63
 11532.936 11654.661 11776.465 11674.381 11582.455 11785.165 12117.133
 12279.511 12261.447 12365.315 12503.666 12535.523]","[12212.6    12080.51   12025.33   11966.4    12235.41   12256.92
 12179.55   12306.44   12328.51   12284.74   12365.21   12343.05
 12500.57   12688.84   12657.9    12720.78   12560.25   12484.16
 12698.09   12975.69   13017.43   12935.29   13100.9795 13240.7705
 13229.43   13276.42  ]","data_middle\NZ100_LJ,NZZH_JSZB\e7b1c6ea.json"
"NZ100_LJ,NZZH_JSZB",a3464746,"{'lookback': [10], 'hidden_size': [64], 'num_layers': [1], 'dropout_rate': [0.3], 'lr': [0.001], 'batch_size': [32], 'epochs': [50]}",0.21827886,0.07716528,0.9258491131590932,1.6574205,2.867714,-6.747187454212069,"[10993.221 10967.544 10785.706 10739.443 10664.022 11108.545 11110.452
 10984.46  11182.743 11186.516 11147.63  11281.729 11252.552 11466.529
 11681.668 11687.794 11801.605 11576.289 11470.186 11826.856 12236.165
 12309.159 12179.049 12352.733 12568.159 12574.216]","[12212.6    12080.51   12025.33   11966.4    12235.41   12256.92
 12179.55   12306.44   12328.51   12284.74   12365.21   12343.05
 12500.57   12688.84   12657.9    12720.78   12560.25   12484.16
 12698.09   12975.69   13017.43   12935.29   13100.9795 13240.7705
 13229.43   13276.42  ]","data_middle\NZ100_LJ,NZZH_JSZB\a3464746.json"
"NZ100_LJ,NZZH_JSZB",58d5abc2,"{'lookback': [10], 'hidden_size': [64], 'num_layers': [1], 'dropout_rate': [0.3], 'lr': [0.001], 'batch_size': [32], 'epochs': [100]}",0.22379605,0.07959077,0.9235183871372947,1.618936,2.736027,-6.391432260048162,"[11040.275 11002.959 10818.664 10784.763 10718.015 11147.18  11133.867
 11004.475 11193.283 11193.901 11155.482 11288.495 11270.605 11471.003
 11675.433 11719.321 11831.541 11635.591 11527.133 11845.586 12218.365
 12322.11  12215.08  12379.089 12583.372 12598.762]","[12212.6    12080.51   12025.33   11966.4    12235.41   12256.92
 12179.55   12306.44   12328.51   12284.74   12365.21   12343.05
 12500.57   12688.84   12657.9    12720.78   12560.25   12484.16
 12698.09   12975.69   13017.43   12935.29   13100.9795 13240.7705
 13229.43   13276.42  ]","data_middle\NZ100_LJ,NZZH_JSZB\58d5abc2.json"
"NZ100_LJ,NZZH_JSZB",4a43db5b,"{'lookback': [10], 'hidden_size': [64], 'num_layers': [1], 'dropout_rate': [0.3], 'lr': [0.001], 'batch_size': [64], 'epochs': [50]}",0.26459435,0.10407115,0.8999943206771325,1.6596175,2.8597224,-6.725596782919287,"[10926.567 10953.285 10878.486 10862.635 10822.057 11092.1   11129.776
 11083.72  11197.261 11216.136 11204.565 11251.48  11224.948 11321.049
 11446.052 11580.378 11703.817 11638.524 11578.84  11757.    12100.073
 12279.83  12297.577 12411.534 12557.271 12583.511]","[12212.6    12080.51   12025.33   11966.4    12235.41   12256.92
 12179.55   12306.44   12328.51   12284.74   12365.21   12343.05
 12500.57   12688.84   12657.9    12720.78   12560.25   12484.16
 12698.09   12975.69   13017.43   12935.29   13100.9795 13240.7705
 13229.43   13276.42  ]","data_middle\NZ100_LJ,NZZH_JSZB\4a43db5b.json"
"NZ100_LJ,NZZH_JSZB",a621b8b5,"{'lookback': [10], 'hidden_size': [64], 'num_layers': [1], 'dropout_rate': [0.3], 'lr': [0.001], 'batch_size': [64], 'epochs': [100]}",0.34158853,0.16973636,0.8368942871577728,1.7258116,3.060735,-7.268637283533314,"[10889.597  10918.562  10893.784  10888.924  10868.723  10997.384
 11032.863  11023.201  11082.564  11101.203  11143.4    11203.583
 11226.112  11301.379  11400.148  11559.667  11694.037  11721.8545
 11715.723  11826.096  12036.704  12171.707  12226.952  12290.335
 12370.675  12413.548 ]","[12212.6    12080.51   12025.33   11966.4    12235.41   12256.92
 12179.55   12306.44   12328.51   12284.74   12365.21   12343.05
 12500.57   12688.84   12657.9    12720.78   12560.25   12484.16
 12698.09   12975.69   13017.43   12935.29   13100.9795 13240.7705
 13229.43   13276.42  ]","data_middle\NZ100_LJ,NZZH_JSZB\a621b8b5.json"
"NZ100_LJ,NZZH_JSZB",2e51b488,"{'lookback': [10], 'hidden_size': [64], 'num_layers': [1], 'dropout_rate': [0.3], 'lr': [0.0005], 'batch_size': [32], 'epochs': [50]}",0.22237737,0.07810326,0.9249477800948334,1.6565101,2.851597,-6.703646899946579,"[11024.696  10973.621  10782.65   10747.683  10681.855  11131.215
 11109.814  10970.853  11175.378  11177.591  11141.086  11283.501
 11259.971  11479.1045 11691.876  11703.796  11817.282  11616.377
 11514.356  11851.009  12192.727  12286.378  12173.44   12313.353
 12509.974  12540.517 ]","[12212.6    12080.51   12025.33   11966.4    12235.41   12256.92
 12179.55   12306.44   12328.51   12284.74   12365.21   12343.05
 12500.57   12688.84   12657.9    12720.78   12560.25   12484.16
 12698.09   12975.69   13017.43   12935.29   13100.9795 13240.7705
 13229.43   13276.42  ]","data_middle\NZ100_LJ,NZZH_JSZB\2e51b488.json"
"NZ100_LJ,NZZH_JSZB",96331581,"{'lookback': [10], 'hidden_size': [64], 'num_layers': [1], 'dropout_rate': [0.3], 'lr': [0.0005], 'batch_size': [32], 'epochs': [100]}",0.22438218,0.08039262,0.9227478579611158,1.6427605,2.8215957,-6.6225980158589905,"[11018.233 10978.061 10790.253 10755.557 10685.614 11117.11  11113.123
 10987.215 11173.779 11178.835 11170.863 11291.95  11256.876 11445.96
 11638.429 11689.543 11806.712 11609.841 11506.146 11824.959 12223.257
 12330.085 12228.144 12375.236 12580.086 12602.668]","[12212.6    12080.51   12025.33   11966.4    12235.41   12256.92
 12179.55   12306.44   12328.51   12284.74   12365.21   12343.05
 12500.57   12688.84   12657.9    12720.78   12560.25   12484.16
 12698.09   12975.69   13017.43   12935.29   13100.9795 13240.7705
 13229.43   13276.42  ]","data_middle\NZ100_LJ,NZZH_JSZB\96331581.json"
"NZ100_LJ,NZZH_JSZB",3f0d165e,"{'lookback': [10], 'hidden_size': [64], 'num_layers': [1], 'dropout_rate': [0.3], 'lr': [0.0005], 'batch_size': [64], 'epochs': [50]}",0.23937555,0.08789082,0.9155425755536877,1.6314371,2.7682712,-6.47854134944792,"[10998.615 10998.966 10855.248 10835.929 10756.358 11127.831 11141.397
 11049.172 11213.631 11223.118 11174.826 11256.938 11235.413 11399.374
 11585.192 11688.483 11800.69  11649.191 11531.114 11796.955 12172.746
 12333.71  12270.733 12383.549 12529.443 12558.036]","[12212.6    12080.51   12025.33   11966.4    12235.41   12256.92
 12179.55   12306.44   12328.51   12284.74   12365.21   12343.05
 12500.57   12688.84   12657.9    12720.78   12560.25   12484.16
 12698.09   12975.69   13017.43   12935.29   13100.9795 13240.7705
 13229.43   13276.42  ]","data_middle\NZ100_LJ,NZZH_JSZB\3f0d165e.json"
"NZ100_LJ,NZZH_JSZB",08ed7be8,"{'lookback': [10], 'hidden_size': [64], 'num_layers': [1], 'dropout_rate': [0.3], 'lr': [0.0005], 'batch_size': [64], 'epochs': [100]}",0.21824163,0.076597765,0.9263944724793092,1.6695958,2.8975813,-6.827873633656033,"[11009.219 10980.46  10794.499 10758.482 10680.025 11123.164 11116.857
 10986.86  11174.508 11172.772 11126.99  11252.454 11234.098 11439.255
 11650.088 11677.937 11796.026 11600.183 11492.554 11812.608 12192.551
 12288.493 12171.566 12326.474 12526.384 12548.183]","[12212.6    12080.51   12025.33   11966.4    12235.41   12256.92
 12179.55   12306.44   12328.51   12284.74   12365.21   12343.05
 12500.57   12688.84   12657.9    12720.78   12560.25   12484.16
 12698.09   12975.69   13017.43   12935.29   13100.9795 13240.7705
 13229.43   13276.42  ]","data_middle\NZ100_LJ,NZZH_JSZB\08ed7be8.json"
"NZ100_LJ,NZZH_JSZB",eca36955,"{'lookback': [10], 'hidden_size': [64], 'num_layers': [2], 'dropout_rate': [0.2], 'lr': [0.001], 'batch_size': [32], 'epochs': [50]}",0.32766902,0.1565997,0.8495177513746321,1.7527264,3.1326284,-7.462858501113059,"[10826.511  10872.831  10877.823  10879.689  10871.031  10980.589
 11073.377  11125.844  11210.2295 11270.653  11290.331  11308.453
 11293.614  11313.492  11370.096  11460.768  11573.513  11613.976
 11605.618  11674.259  11858.97   12037.989  12151.691  12247.898
 12347.617  12414.701 ]","[12212.6    12080.51   12025.33   11966.4    12235.41   12256.92
 12179.55   12306.44   12328.51   12284.74   12365.21   12343.05
 12500.57   12688.84   12657.9    12720.78   12560.25   12484.16
 12698.09   12975.69   13017.43   12935.29   13100.9795 13240.7705
 13229.43   13276.42  ]","data_middle\NZ100_LJ,NZZH_JSZB\eca36955.json"
"NZ100_LJ,NZZH_JSZB",cc119899,"{'lookback': [10], 'hidden_size': [64], 'num_layers': [2], 'dropout_rate': [0.2], 'lr': [0.001], 'batch_size': [32], 'epochs': [100]}",0.24378286,0.09113994,0.9124203674133085,1.7592051,3.1887052,-7.614351693431489,"[10898.085 10927.264 10822.116 10758.661 10699.836 10920.582 11020.464
 10997.721 11102.679 11149.911 11139.048 11207.574 11214.79  11343.085
 11531.885 11634.604 11747.924 11647.441 11531.956 11683.62  11988.213
 12174.156 12167.975 12256.125 12408.077 12470.141]","[12212.6    12080.51   12025.33   11966.4    12235.41   12256.92
 12179.55   12306.44   12328.51   12284.74   12365.21   12343.05
 12500.57   12688.84   12657.9    12720.78   12560.25   12484.16
 12698.09   12975.69   13017.43   12935.29   13100.9795 13240.7705
 13229.43   13276.42  ]","data_middle\NZ100_LJ,NZZH_JSZB\cc119899.json"
"NZ100_LJ,NZZH_JSZB",2e35119e,"{'lookback': [10], 'hidden_size': [64], 'num_layers': [2], 'dropout_rate': [0.2], 'lr': [0.001], 'batch_size': [64], 'epochs': [50]}",0.24834515,0.09231513,0.9112910823552103,1.6713418,2.921332,-6.892036125368987,"[10933.671 10960.265 10856.576 10801.247 10744.698 10989.757 11076.548
 11030.14  11128.601 11165.355 11155.516 11223.994 11226.794 11356.593
 11542.126 11646.033 11765.435 11670.803 11558.197 11735.519 12094.458
 12314.372 12324.904 12420.245 12565.359 12616.478]","[12212.6    12080.51   12025.33   11966.4    12235.41   12256.92
 12179.55   12306.44   12328.51   12284.74   12365.21   12343.05
 12500.57   12688.84   12657.9    12720.78   12560.25   12484.16
 12698.09   12975.69   13017.43   12935.29   13100.9795 13240.7705
 13229.43   13276.42  ]","data_middle\NZ100_LJ,NZZH_JSZB\2e35119e.json"
"NZ100_LJ,NZZH_JSZB",9c18d688,"{'lookback': [10], 'hidden_size': [64], 'num_layers': [2], 'dropout_rate': [0.2], 'lr': [0.001], 'batch_size': [64], 'epochs': [100]}",0.37880898,0.21371523,0.7946333944508737,1.8499894,3.4714484,-8.378188498763455,"[10847.194  10878.831  10891.665  10901.169  10903.228  10960.163
 11008.216  11038.167  11080.514  11108.351  11125.076  11154.254
 11175.156  11217.587  11284.06   11387.9375 11516.079  11602.6875
 11647.412  11730.305  11859.815  11982.525  12065.754  12126.581
 12196.505  12246.412 ]","[12212.6    12080.51   12025.33   11966.4    12235.41   12256.92
 12179.55   12306.44   12328.51   12284.74   12365.21   12343.05
 12500.57   12688.84   12657.9    12720.78   12560.25   12484.16
 12698.09   12975.69   13017.43   12935.29   13100.9795 13240.7705
 13229.43   13276.42  ]","data_middle\NZ100_LJ,NZZH_JSZB\9c18d688.json"
"NZ100_LJ,NZZH_JSZB",27d6ac10,"{'lookback': [10], 'hidden_size': [64], 'num_layers': [2], 'dropout_rate': [0.2], 'lr': [0.0005], 'batch_size': [32], 'epochs': [50]}",0.33159465,0.1611019,0.8451914354522317,1.7740631,3.2199056,-7.69864007839433,"[10800.785 10849.082 10865.561 10874.747 10867.38  10953.562 11026.765
 11066.835 11131.361 11178.257 11205.109 11235.415 11239.698 11273.358
 11344.078 11459.783 11594.668 11654.4   11656.038 11728.741 11897.591
 12062.326 12162.767 12255.691 12369.406 12443.673]","[12212.6    12080.51   12025.33   11966.4    12235.41   12256.92
 12179.55   12306.44   12328.51   12284.74   12365.21   12343.05
 12500.57   12688.84   12657.9    12720.78   12560.25   12484.16
 12698.09   12975.69   13017.43   12935.29   13100.9795 13240.7705
 13229.43   13276.42  ]","data_middle\NZ100_LJ,NZZH_JSZB\27d6ac10.json"
"NZ100_LJ,NZZH_JSZB",605e05b7,"{'lookback': [10], 'hidden_size': [64], 'num_layers': [2], 'dropout_rate': [0.2], 'lr': [0.0005], 'batch_size': [32], 'epochs': [100]}",0.33486277,0.16297558,0.8433909391662742,1.7789012,3.228169,-7.720962940526224,"[10808.573  10861.068  10876.514  10880.119  10869.91   10957.7705
 11044.845  11100.803  11173.087  11226.193  11241.041  11255.278
 11250.642  11275.559  11338.499  11439.257  11562.071  11617.498
 11619.692  11688.672  11863.631  12033.204  12140.8    12237.768
 12341.976  12412.23  ]","[12212.6    12080.51   12025.33   11966.4    12235.41   12256.92
 12179.55   12306.44   12328.51   12284.74   12365.21   12343.05
 12500.57   12688.84   12657.9    12720.78   12560.25   12484.16
 12698.09   12975.69   13017.43   12935.29   13100.9795 13240.7705
 13229.43   13276.42  ]","data_middle\NZ100_LJ,NZZH_JSZB\605e05b7.json"
"NZ100_LJ,NZZH_JSZB",9dff248d,"{'lookback': [10], 'hidden_size': [64], 'num_layers': [2], 'dropout_rate': [0.2], 'lr': [0.0005], 'batch_size': [64], 'epochs': [50]}",0.39647326,0.2322963,0.776778174412082,1.8729224,3.5591495,-8.615113773928073,"[10830.135 10857.07  10870.637 10883.294 10884.559 10935.093 10981.194
 11013.447 11061.341 11098.986 11123.817 11150.306 11168.393 11202.89
 11257.881 11356.275 11479.382 11575.807 11634.206 11714.805 11844.973
 11975.773 12069.688 12135.839 12200.74  12248.105]","[12212.6    12080.51   12025.33   11966.4    12235.41   12256.92
 12179.55   12306.44   12328.51   12284.74   12365.21   12343.05
 12500.57   12688.84   12657.9    12720.78   12560.25   12484.16
 12698.09   12975.69   13017.43   12935.29   13100.9795 13240.7705
 13229.43   13276.42  ]","data_middle\NZ100_LJ,NZZH_JSZB\9dff248d.json"
"NZ100_LJ,NZZH_JSZB",e78b4177,"{'lookback': [10], 'hidden_size': [64], 'num_layers': [2], 'dropout_rate': [0.2], 'lr': [0.0005], 'batch_size': [64], 'epochs': [100]}",0.40564913,0.23723993,0.7720276444318416,1.8641603,3.5394654,-8.561937067991252,"[10831.426 10851.978 10859.52  10867.125 10868.284 10912.502 10951.864
 10981.363 11021.535 11052.788 11081.874 11121.427 11156.622 11206.431
 11273.749 11374.584 11501.833 11603.965 11672.243 11760.491 11893.967
 12017.069 12105.729 12175.966 12251.56  12304.316]","[12212.6    12080.51   12025.33   11966.4    12235.41   12256.92
 12179.55   12306.44   12328.51   12284.74   12365.21   12343.05
 12500.57   12688.84   12657.9    12720.78   12560.25   12484.16
 12698.09   12975.69   13017.43   12935.29   13100.9795 13240.7705
 13229.43   13276.42  ]","data_middle\NZ100_LJ,NZZH_JSZB\e78b4177.json"
"NZ100_LJ,NZZH_JSZB",20dd399e,"{'lookback': [10], 'hidden_size': [64], 'num_layers': [2], 'dropout_rate': [0.3], 'lr': [0.001], 'batch_size': [32], 'epochs': [50]}",0.23341738,0.082633615,0.9205944046212335,1.7019334,2.990417,-7.078670879716654,"[10979.959 10986.228 10846.453 10771.136 10703.239 10987.32  11077.671
 11013.619 11130.159 11170.649 11147.69  11242.237 11250.843 11416.624
 11629.997 11691.744 11783.14  11641.942 11519.795 11723.595 12053.921
 12213.157 12169.781 12273.94  12455.789 12514.812]","[12212.6    12080.51   12025.33   11966.4    12235.41   12256.92
 12179.55   12306.44   12328.51   12284.74   12365.21   12343.05
 12500.57   12688.84   12657.9    12720.78   12560.25   12484.16
 12698.09   12975.69   13017.43   12935.29   13100.9795 13240.7705
 13229.43   13276.42  ]","data_middle\NZ100_LJ,NZZH_JSZB\20dd399e.json"
"NZ100_LJ,NZZH_JSZB",adcfc1ac,"{'lookback': [10], 'hidden_size': [64], 'num_layers': [2], 'dropout_rate': [0.3], 'lr': [0.001], 'batch_size': [32], 'epochs': [100]}",0.24471602,0.09038778,0.9131431456867262,1.7010059,2.9897375,-7.076835773203337,"[10943.588 10983.011 10875.383 10805.362 10738.887 10964.047 11071.131
 11042.543 11147.149 11189.83  11176.25  11237.449 11237.157 11363.017
 11550.715 11647.697 11762.593 11653.977 11531.863 11701.97  12024.218
 12227.09  12231.37  12324.71  12466.632 12513.21 ]","[12212.6    12080.51   12025.33   11966.4    12235.41   12256.92
 12179.55   12306.44   12328.51   12284.74   12365.21   12343.05
 12500.57   12688.84   12657.9    12720.78   12560.25   12484.16
 12698.09   12975.69   13017.43   12935.29   13100.9795 13240.7705
 13229.43   13276.42  ]","data_middle\NZ100_LJ,NZZH_JSZB\adcfc1ac.json"
"NZ100_LJ,NZZH_JSZB",11f46f01,"{'lookback': [10], 'hidden_size': [64], 'num_layers': [2], 'dropout_rate': [0.3], 'lr': [0.001], 'batch_size': [64], 'epochs': [50]}",0.39228395,0.22941723,0.7795447776840357,1.8857157,3.6002376,-8.726115403891141,"[10820.09  10846.781 10864.593 10880.471 10885.886 10931.686 10977.367
 11015.013 11061.814 11100.5   11132.58  11163.215 11184.923 11216.559
 11266.653 11361.491 11477.426 11567.363 11620.535 11693.875 11818.519
 11942.814 12032.671 12104.22  12167.098 12207.944]","[12212.6    12080.51   12025.33   11966.4    12235.41   12256.92
 12179.55   12306.44   12328.51   12284.74   12365.21   12343.05
 12500.57   12688.84   12657.9    12720.78   12560.25   12484.16
 12698.09   12975.69   13017.43   12935.29   13100.9795 13240.7705
 13229.43   13276.42  ]","data_middle\NZ100_LJ,NZZH_JSZB\11f46f01.json"
"NZ100_LJ,NZZH_JSZB",0d8dea74,"{'lookback': [10], 'hidden_size': [64], 'num_layers': [2], 'dropout_rate': [0.3], 'lr': [0.001], 'batch_size': [64], 'epochs': [100]}",0.42382333,0.26564735,0.7447299485279739,1.8829956,3.6046512,-8.73803771888275,"[10798.622 10824.426 10839.915 10852.936 10858.655 10900.57  10943.044
 10979.27  11023.373 11060.206 11090.193 11126.554 11159.705 11205.015
 11271.41  11373.006 11501.086 11609.366 11682.633 11770.497 11888.24
 11996.486 12076.147 12136.367 12192.295 12227.266]","[12212.6    12080.51   12025.33   11966.4    12235.41   12256.92
 12179.55   12306.44   12328.51   12284.74   12365.21   12343.05
 12500.57   12688.84   12657.9    12720.78   12560.25   12484.16
 12698.09   12975.69   13017.43   12935.29   13100.9795 13240.7705
 13229.43   13276.42  ]","data_middle\NZ100_LJ,NZZH_JSZB\0d8dea74.json"
"NZ100_LJ,NZZH_JSZB",9c6f1f59,"{'lookback': [10], 'hidden_size': [64], 'num_layers': [2], 'dropout_rate': [0.3], 'lr': [0.0005], 'batch_size': [32], 'epochs': [50]}",0.22249067,0.07668008,0.9263153669666282,1.7260677,3.078622,-7.316960627888596,"[10979.1875 10949.628  10777.571  10707.206  10646.282  10999.011
 11067.82   10976.789  11125.492  11162.742  11142.03   11255.543
 11256.047  11432.068  11643.58   11678.007  11765.6875 11600.107
 11479.706  11716.272  12069.077  12210.167  12134.254  12259.975
 12449.078  12511.141 ]","[12212.6    12080.51   12025.33   11966.4    12235.41   12256.92
 12179.55   12306.44   12328.51   12284.74   12365.21   12343.05
 12500.57   12688.84   12657.9    12720.78   12560.25   12484.16
 12698.09   12975.69   13017.43   12935.29   13100.9795 13240.7705
 13229.43   13276.42  ]","data_middle\NZ100_LJ,NZZH_JSZB\9c6f1f59.json"
"NZ100_LJ,NZZH_JSZB",5a6bd161,"{'lookback': [10], 'hidden_size': [64], 'num_layers': [2], 'dropout_rate': [0.3], 'lr': [0.0005], 'batch_size': [32], 'epochs': [100]}",0.31900132,0.14906716,0.8567560444951372,1.789212,3.2887673,-7.884670481896972,"[10796.876  10850.136  10854.317  10856.5    10841.503  10948.174
 11034.258  11074.8545 11152.793  11204.8    11206.205  11214.59
 11201.721  11233.373  11305.677  11407.139  11532.092  11574.677
 11570.978  11659.343  11883.421  12088.619  12211.119  12319.827
 12427.812  12494.594 ]","[12212.6    12080.51   12025.33   11966.4    12235.41   12256.92
 12179.55   12306.44   12328.51   12284.74   12365.21   12343.05
 12500.57   12688.84   12657.9    12720.78   12560.25   12484.16
 12698.09   12975.69   13017.43   12935.29   13100.9795 13240.7705
 13229.43   13276.42  ]","data_middle\NZ100_LJ,NZZH_JSZB\5a6bd161.json"
"NZ100_LJ,NZZH_JSZB",191a8b4a,"{'lookback': [10], 'hidden_size': [64], 'num_layers': [2], 'dropout_rate': [0.3], 'lr': [0.0005], 'batch_size': [64], 'epochs': [50]}",0.35273203,0.18351313,0.8236556667748186,1.8422291,3.4556508,-8.335511059543789,"[10798.571  10839.505  10854.319  10863.586  10859.151  10926.02
 10990.407  11035.864  11093.628  11137.135  11153.677  11175.347
 11187.904  11222.271  11287.8    11391.596  11519.761  11601.3125
 11633.171  11706.354  11852.975  12002.31   12111.164  12196.603
 12282.52   12341.625 ]","[12212.6    12080.51   12025.33   11966.4    12235.41   12256.92
 12179.55   12306.44   12328.51   12284.74   12365.21   12343.05
 12500.57   12688.84   12657.9    12720.78   12560.25   12484.16
 12698.09   12975.69   13017.43   12935.29   13100.9795 13240.7705
 13229.43   13276.42  ]","data_middle\NZ100_LJ,NZZH_JSZB\191a8b4a.json"
"NZ100_LJ,NZZH_JSZB",34d6327f,"{'lookback': [10], 'hidden_size': [64], 'num_layers': [2], 'dropout_rate': [0.3], 'lr': [0.0005], 'batch_size': [64], 'epochs': [100]}",0.397151,0.23414193,0.7750046658758641,1.8545622,3.4879599,-8.422794512241364,"[10853.032  10879.265  10891.162  10902.415  10905.887  10957.119
 11002.311  11037.948  11083.876  11118.9795 11140.492  11165.766
 11183.984  11214.892  11266.838  11357.586  11476.952  11574.039
 11631.003  11711.012  11842.339  11974.532  12071.836  12140.331
 12211.75   12264.325 ]","[12212.6    12080.51   12025.33   11966.4    12235.41   12256.92
 12179.55   12306.44   12328.51   12284.74   12365.21   12343.05
 12500.57   12688.84   12657.9    12720.78   12560.25   12484.16
 12698.09   12975.69   13017.43   12935.29   13100.9795 13240.7705
 13229.43   13276.42  ]","data_middle\NZ100_LJ,NZZH_JSZB\34d6327f.json"
"NZ100_LJ,NZZH_JSZB",315e88bc,"{'lookback': [20], 'hidden_size': [32], 'num_layers': [1], 'dropout_rate': [0.2], 'lr': [0.001], 'batch_size': [32], 'epochs': [50]}",0.2177197,0.07659337,0.929907628490458,1.5391247,2.4449272,-9.744271020331489,"[11143.45   11292.992  11265.916  11474.208  11663.275  11689.858
 11795.414  11602.887  11515.221  11808.257  12118.176  12224.8955
 12166.071  12320.681  12479.963  12497.633 ]","[12365.21   12343.05   12500.57   12688.84   12657.9    12720.78
 12560.25   12484.16   12698.09   12975.69   13017.43   12935.29
 13100.9795 13240.7705 13229.43   13276.42  ]","data_middle\NZ100_LJ,NZZH_JSZB\315e88bc.json"
"NZ100_LJ,NZZH_JSZB",6de329b4,"{'lookback': [20], 'hidden_size': [32], 'num_layers': [1], 'dropout_rate': [0.2], 'lr': [0.001], 'batch_size': [32], 'epochs': [100]}",0.21619394,0.07366666,0.9325859230873426,1.5300473,2.4175947,-9.624158019630826,"[11151.534 11278.088 11246.498 11437.703 11619.258 11687.205 11828.315
 11674.138 11610.216 11883.095 12194.131 12266.503 12158.475 12270.563
 12418.701 12427.284]","[12365.21   12343.05   12500.57   12688.84   12657.9    12720.78
 12560.25   12484.16   12698.09   12975.69   13017.43   12935.29
 13100.9795 13240.7705 13229.43   13276.42  ]","data_middle\NZ100_LJ,NZZH_JSZB\6de329b4.json"
"NZ100_LJ,NZZH_JSZB",b77029f5,"{'lookback': [20], 'hidden_size': [32], 'num_layers': [1], 'dropout_rate': [0.2], 'lr': [0.001], 'batch_size': [64], 'epochs': [50]}",0.23134048,0.083215594,0.9238474664810682,1.4771906,2.282216,-9.029233918786096,"[11172.454 11293.676 11277.683 11451.428 11628.953 11735.982 11837.849
 11680.481 11582.853 11804.985 12149.086 12306.45  12252.515 12373.331
 12559.038 12585.35 ]","[12365.21   12343.05   12500.57   12688.84   12657.9    12720.78
 12560.25   12484.16   12698.09   12975.69   13017.43   12935.29
 13100.9795 13240.7705 13229.43   13276.42  ]","data_middle\NZ100_LJ,NZZH_JSZB\b77029f5.json"
"NZ100_LJ,NZZH_JSZB",2339c7bb,"{'lookback': [20], 'hidden_size': [32], 'num_layers': [1], 'dropout_rate': [0.2], 'lr': [0.001], 'batch_size': [64], 'epochs': [100]}",0.2193451,0.07714292,0.9294047226988947,1.4759321,2.2703528,-8.977100580837309,"[11139.762 11286.82  11265.824 11493.789 11700.413 11735.057 11866.883
 11645.047 11554.303 11904.93  12236.485 12302.46  12168.623 12328.272
 12524.169 12552.142]","[12365.21   12343.05   12500.57   12688.84   12657.9    12720.78
 12560.25   12484.16   12698.09   12975.69   13017.43   12935.29
 13100.9795 13240.7705 13229.43   13276.42  ]","data_middle\NZ100_LJ,NZZH_JSZB\2339c7bb.json"
"NZ100_LJ,NZZH_JSZB",0b5314f4,"{'lookback': [20], 'hidden_size': [32], 'num_layers': [1], 'dropout_rate': [0.2], 'lr': [0.0005], 'batch_size': [32], 'epochs': [50]}",0.2272631,0.0829132,0.9241241988679416,1.5136762,2.3928537,-9.51543307104262,"[11116.818 11257.421 11229.988 11440.672 11640.832 11717.845 11838.834
 11634.383 11533.567 11854.384 12173.417 12295.468 12188.181 12311.019
 12525.271 12560.983]","[12365.21   12343.05   12500.57   12688.84   12657.9    12720.78
 12560.25   12484.16   12698.09   12975.69   13017.43   12935.29
 13100.9795 13240.7705 13229.43   13276.42  ]","data_middle\NZ100_LJ,NZZH_JSZB\0b5314f4.json"
"NZ100_LJ,NZZH_JSZB",75c57918,"{'lookback': [20], 'hidden_size': [32], 'num_layers': [1], 'dropout_rate': [0.2], 'lr': [0.0005], 'batch_size': [32], 'epochs': [100]}",0.22036953,0.078260414,0.9283820724565776,1.4964597,2.3238678,-9.212273867732302,"[11185.095  11306.413  11273.008  11468.763  11659.084  11715.1875
 11837.329  11640.594  11542.737  11854.353  12185.507  12269.73
 12167.33   12324.147  12518.397  12547.427 ]","[12365.21   12343.05   12500.57   12688.84   12657.9    12720.78
 12560.25   12484.16   12698.09   12975.69   13017.43   12935.29
 13100.9795 13240.7705 13229.43   13276.42  ]","data_middle\NZ100_LJ,NZZH_JSZB\75c57918.json"
"NZ100_LJ,NZZH_JSZB",3b55a9d0,"{'lookback': [20], 'hidden_size': [32], 'num_layers': [1], 'dropout_rate': [0.2], 'lr': [0.0005], 'batch_size': [64], 'epochs': [50]}",0.22143587,0.08005802,0.9267370396739617,1.5272748,2.4328177,-9.69105522562591,"[11116.172 11246.198 11223.201 11424.913 11605.209 11702.624 11827.82
 11652.069 11569.429 11836.064 12181.359 12271.593 12173.71  12277.191
 12504.312 12568.186]","[12365.21   12343.05   12500.57   12688.84   12657.9    12720.78
 12560.25   12484.16   12698.09   12975.69   13017.43   12935.29
 13100.9795 13240.7705 13229.43   13276.42  ]","data_middle\NZ100_LJ,NZZH_JSZB\3b55a9d0.json"
"NZ100_LJ,NZZH_JSZB",ead5c755,"{'lookback': [20], 'hidden_size': [32], 'num_layers': [1], 'dropout_rate': [0.2], 'lr': [0.0005], 'batch_size': [64], 'epochs': [100]}",0.22645622,0.08256234,0.9244452780559937,1.4878546,2.3113422,-9.157229203884013,"[11142.637  11277.822  11262.571  11458.071  11643.581  11740.333
 11861.589  11660.3125 11554.511  11855.159  12197.329  12307.525
 12203.63   12339.502  12526.417  12552.093 ]","[12365.21   12343.05   12500.57   12688.84   12657.9    12720.78
 12560.25   12484.16   12698.09   12975.69   13017.43   12935.29
 13100.9795 13240.7705 13229.43   13276.42  ]","data_middle\NZ100_LJ,NZZH_JSZB\ead5c755.json"
"NZ100_LJ,NZZH_JSZB",4bb958c5,"{'lookback': [20], 'hidden_size': [32], 'num_layers': [1], 'dropout_rate': [0.3], 'lr': [0.001], 'batch_size': [32], 'epochs': [50]}",0.22729807,0.08080606,0.9260524818311077,1.4245677,2.123714,-8.332694613493112,"[11183.966 11332.12  11307.656 11509.53  11691.881 11767.423 11883.76
 11679.899 11585.4   11900.014 12272.287 12377.696 12262.088 12388.913
 12529.149 12558.345]","[12365.21   12343.05   12500.57   12688.84   12657.9    12720.78
 12560.25   12484.16   12698.09   12975.69   13017.43   12935.29
 13100.9795 13240.7705 13229.43   13276.42  ]","data_middle\NZ100_LJ,NZZH_JSZB\4bb958c5.json"
"NZ100_LJ,NZZH_JSZB",171a52f2,"{'lookback': [20], 'hidden_size': [32], 'num_layers': [1], 'dropout_rate': [0.3], 'lr': [0.001], 'batch_size': [32], 'epochs': [100]}",0.2702275,0.11109867,0.8983310196222054,1.5703869,2.5598605,-10.249346708379575,"[11208.447 11255.491 11234.841 11330.755 11454.082 11609.636 11738.99
 11678.921 11627.452 11788.433 12049.853 12211.671 12239.703 12329.473
 12472.202 12509.326]","[12365.21   12343.05   12500.57   12688.84   12657.9    12720.78
 12560.25   12484.16   12698.09   12975.69   13017.43   12935.29
 13100.9795 13240.7705 13229.43   13276.42  ]","data_middle\NZ100_LJ,NZZH_JSZB\171a52f2.json"
"NZ100_LJ,NZZH_JSZB",a4f0e2d9,"{'lookback': [20], 'hidden_size': [32], 'num_layers': [1], 'dropout_rate': [0.3], 'lr': [0.001], 'batch_size': [64], 'epochs': [50]}",0.22337423,0.08232952,0.9246583347716186,1.5255607,2.4222043,-9.644414683285316,"[11132.514 11255.672 11238.684 11434.01  11623.381 11670.085 11797.325
 11615.723 11536.54  11841.124 12184.224 12293.587 12199.82  12350.85
 12508.429 12515.611]","[12365.21   12343.05   12500.57   12688.84   12657.9    12720.78
 12560.25   12484.16   12698.09   12975.69   13017.43   12935.29
 13100.9795 13240.7705 13229.43   13276.42  ]","data_middle\NZ100_LJ,NZZH_JSZB\a4f0e2d9.json"
"NZ100_LJ,NZZH_JSZB",8661d307,"{'lookback': [20], 'hidden_size': [32], 'num_layers': [1], 'dropout_rate': [0.3], 'lr': [0.001], 'batch_size': [64], 'epochs': [100]}",0.2239021,0.08051301,0.9263206659149219,1.4729028,2.2750964,-8.997947495370736,"[11165.406 11293.481 11275.403 11464.731 11642.798 11707.853 11822.432
 11652.118 11536.984 11830.406 12175.675 12329.797 12266.58  12393.415
 12568.259 12610.61 ]","[12365.21   12343.05   12500.57   12688.84   12657.9    12720.78
 12560.25   12484.16   12698.09   12975.69   13017.43   12935.29
 13100.9795 13240.7705 13229.43   13276.42  ]","data_middle\NZ100_LJ,NZZH_JSZB\8661d307.json"
"NZ100_LJ,NZZH_JSZB",8aeee259,"{'lookback': [20], 'hidden_size': [32], 'num_layers': [1], 'dropout_rate': [0.3], 'lr': [0.0005], 'batch_size': [32], 'epochs': [50]}",0.22201966,0.07662941,0.9298746450753355,1.4946046,2.2991076,-9.103464085416327,"[11192.788 11333.622 11298.187 11507.902 11703.398 11754.331 11869.763
 11667.717 11579.703 11885.921 12163.597 12252.511 12148.118 12261.552
 12430.352 12464.612]","[12365.21   12343.05   12500.57   12688.84   12657.9    12720.78
 12560.25   12484.16   12698.09   12975.69   13017.43   12935.29
 13100.9795 13240.7705 13229.43   13276.42  ]","data_middle\NZ100_LJ,NZZH_JSZB\8aeee259.json"
"NZ100_LJ,NZZH_JSZB",1829b52b,"{'lookback': [20], 'hidden_size': [32], 'num_layers': [1], 'dropout_rate': [0.3], 'lr': [0.0005], 'batch_size': [32], 'epochs': [100]}",0.22641097,0.08226286,0.9247193375734557,1.5049257,2.376802,-9.44489439938377,"[11154.455 11275.869 11226.306 11430.524 11625.502 11655.753 11792.067
 11584.106 11501.778 11846.517 12211.75  12333.145 12235.245 12393.456
 12560.994 12581.08 ]","[12365.21   12343.05   12500.57   12688.84   12657.9    12720.78
 12560.25   12484.16   12698.09   12975.69   13017.43   12935.29
 13100.9795 13240.7705 13229.43   13276.42  ]","data_middle\NZ100_LJ,NZZH_JSZB\1829b52b.json"
"NZ100_LJ,NZZH_JSZB",7d3d7435,"{'lookback': [20], 'hidden_size': [32], 'num_layers': [1], 'dropout_rate': [0.3], 'lr': [0.0005], 'batch_size': [64], 'epochs': [50]}",0.22843072,0.08247752,0.9245228971745769,1.535083,2.453611,-9.782431185760307,"[11144.727 11252.977 11215.923 11398.11  11581.308 11671.033 11805.496
 11633.948 11548.546 11840.895 12195.765 12302.456 12229.577 12352.436
 12474.274 12452.751]","[12365.21   12343.05   12500.57   12688.84   12657.9    12720.78
 12560.25   12484.16   12698.09   12975.69   13017.43   12935.29
 13100.9795 13240.7705 13229.43   13276.42  ]","data_middle\NZ100_LJ,NZZH_JSZB\7d3d7435.json"
"NZ100_LJ,NZZH_JSZB",de5c5fa2,"{'lookback': [20], 'hidden_size': [32], 'num_layers': [1], 'dropout_rate': [0.3], 'lr': [0.0005], 'batch_size': [64], 'epochs': [100]}",0.25257263,0.100532696,0.9080001861721393,1.480989,2.300669,-9.11032572937405,"[11190.223 11273.212 11260.747 11386.608 11523.294 11683.726 11824.782
 11720.352 11653.827 11865.297 12161.754 12308.728 12296.363 12399.645
 12545.293 12559.427]","[12365.21   12343.05   12500.57   12688.84   12657.9    12720.78
 12560.25   12484.16   12698.09   12975.69   13017.43   12935.29
 13100.9795 13240.7705 13229.43   13276.42  ]","data_middle\NZ100_LJ,NZZH_JSZB\de5c5fa2.json"
"NZ100_LJ,NZZH_JSZB",fedf4817,"{'lookback': [20], 'hidden_size': [32], 'num_layers': [2], 'dropout_rate': [0.2], 'lr': [0.001], 'batch_size': [32], 'epochs': [50]}",0.24207117,0.090131834,0.917518266268512,1.4490602,2.177378,-8.56852127725204,"[11201.815 11299.813 11340.293 11465.173 11623.142 11757.682 11890.207
 11853.197 11786.145 11888.719 12097.54  12246.35  12263.139 12341.342
 12439.605 12485.555]","[12365.21   12343.05   12500.57   12688.84   12657.9    12720.78
 12560.25   12484.16   12698.09   12975.69   13017.43   12935.29
 13100.9795 13240.7705 13229.43   13276.42  ]","data_middle\NZ100_LJ,NZZH_JSZB\fedf4817.json"
"NZ100_LJ,NZZH_JSZB",1677d503,"{'lookback': [20], 'hidden_size': [32], 'num_layers': [2], 'dropout_rate': [0.2], 'lr': [0.001], 'batch_size': [32], 'epochs': [100]}",0.23935153,0.08701896,0.9203669178535295,1.5534244,2.4757779,-9.879845139811627,"[11204.291  11294.963  11310.558  11445.028  11618.774  11719.125
 11827.917  11744.2295 11640.73   11769.936  11984.274  12131.53
 12145.887  12230.428  12380.04   12464.989 ]","[12365.21   12343.05   12500.57   12688.84   12657.9    12720.78
 12560.25   12484.16   12698.09   12975.69   13017.43   12935.29
 13100.9795 13240.7705 13229.43   13276.42  ]","data_middle\NZ100_LJ,NZZH_JSZB\1677d503.json"
"NZ100_LJ,NZZH_JSZB",a6a48b0d,"{'lookback': [20], 'hidden_size': [32], 'num_layers': [2], 'dropout_rate': [0.2], 'lr': [0.001], 'batch_size': [64], 'epochs': [50]}",0.23212107,0.082081445,0.9248853563693802,1.5811737,2.5869102,-10.368217980355585,"[11107.723 11210.102 11237.981 11388.336 11579.173 11682.554 11793.91
 11702.14  11603.433 11745.027 12038.111 12198.102 12174.123 12267.601
 12419.245 12481.433]","[12365.21   12343.05   12500.57   12688.84   12657.9    12720.78
 12560.25   12484.16   12698.09   12975.69   13017.43   12935.29
 13100.9795 13240.7705 13229.43   13276.42  ]","data_middle\NZ100_LJ,NZZH_JSZB\a6a48b0d.json"
"NZ100_LJ,NZZH_JSZB",334ad873,"{'lookback': [20], 'hidden_size': [32], 'num_layers': [2], 'dropout_rate': [0.2], 'lr': [0.001], 'batch_size': [64], 'epochs': [100]}",0.24624617,0.092103906,0.9157135719081874,1.5467086,2.5023308,-9.99653250809184,"[11144.259 11215.838 11231.66  11359.505 11532.545 11666.661 11796.302
 11719.876 11612.114 11747.76  12043.002 12245.429 12264.005 12346.648
 12497.466 12558.292]","[12365.21   12343.05   12500.57   12688.84   12657.9    12720.78
 12560.25   12484.16   12698.09   12975.69   13017.43   12935.29
 13100.9795 13240.7705 13229.43   13276.42  ]","data_middle\NZ100_LJ,NZZH_JSZB\334ad873.json"
"NZ100_LJ,NZZH_JSZB",244f1636,"{'lookback': [20], 'hidden_size': [32], 'num_layers': [2], 'dropout_rate': [0.2], 'lr': [0.0005], 'batch_size': [32], 'epochs': [50]}",0.22566794,0.07930164,0.9274292220803003,1.6532247,2.8205323,-11.394873330909778,"[11070.673  11164.495  11184.088  11342.988  11548.8955 11648.974
 11748.737  11652.73   11546.005  11697.011  11962.428  12132.6045
 12123.344  12221.671  12387.379  12460.321 ]","[12365.21   12343.05   12500.57   12688.84   12657.9    12720.78
 12560.25   12484.16   12698.09   12975.69   13017.43   12935.29
 13100.9795 13240.7705 13229.43   13276.42  ]","data_middle\NZ100_LJ,NZZH_JSZB\244f1636.json"
"NZ100_LJ,NZZH_JSZB",3e2237e6,"{'lookback': [20], 'hidden_size': [32], 'num_layers': [2], 'dropout_rate': [0.2], 'lr': [0.0005], 'batch_size': [32], 'epochs': [100]}",0.22374526,0.0779566,0.9286600975001504,1.4801805,2.2815719,-9.026402842777276,"[11169.249 11287.167 11292.854 11464.235 11661.584 11743.509 11858.55
 11706.749 11606.754 11814.644 12121.863 12280.765 12215.824 12334.993
 12519.752 12583.052]","[12365.21   12343.05   12500.57   12688.84   12657.9    12720.78
 12560.25   12484.16   12698.09   12975.69   13017.43   12935.29
 13100.9795 13240.7705 13229.43   13276.42  ]","data_middle\NZ100_LJ,NZZH_JSZB\3e2237e6.json"
"NZ100_LJ,NZZH_JSZB",a3aa1e1e,"{'lookback': [20], 'hidden_size': [32], 'num_layers': [2], 'dropout_rate': [0.2], 'lr': [0.0005], 'batch_size': [64], 'epochs': [50]}",0.25396946,0.099156536,0.9092595392648709,1.674783,2.8942146,-11.718671915529496,"[11112.077 11169.011 11186.407 11275.231 11407.031 11543.517 11678.089
 11684.616 11641.926 11722.817 11926.066 12102.567 12167.389 12261.245
 12371.688 12422.255]","[12365.21   12343.05   12500.57   12688.84   12657.9    12720.78
 12560.25   12484.16   12698.09   12975.69   13017.43   12935.29
 13100.9795 13240.7705 13229.43   13276.42  ]","data_middle\NZ100_LJ,NZZH_JSZB\a3aa1e1e.json"
"NZ100_LJ,NZZH_JSZB",396cf68c,"{'lookback': [20], 'hidden_size': [32], 'num_layers': [2], 'dropout_rate': [0.2], 'lr': [0.0005], 'batch_size': [64], 'epochs': [100]}",0.23533851,0.086519964,0.92082355922705,1.5583948,2.4975576,-9.975555494439433,"[11193.889 11275.38  11290.554 11421.608 11590.222 11687.74  11799.411
 11720.58  11636.438 11768.212 12008.718 12156.625 12154.655 12245.492
 12408.519 12503.84 ]","[12365.21   12343.05   12500.57   12688.84   12657.9    12720.78
 12560.25   12484.16   12698.09   12975.69   13017.43   12935.29
 13100.9795 13240.7705 13229.43   13276.42  ]","data_middle\NZ100_LJ,NZZH_JSZB\396cf68c.json"
"NZ100_LJ,NZZH_JSZB",b7d23a6c,"{'lookback': [20], 'hidden_size': [32], 'num_layers': [2], 'dropout_rate': [0.3], 'lr': [0.001], 'batch_size': [32], 'epochs': [50]}",0.23375396,0.08225486,0.9247266659728072,1.545322,2.481414,-9.904612921250001,"[11132.787 11220.054 11250.675 11393.924 11588.06  11711.69  11840.104
 11762.013 11644.286 11777.818 12051.473 12228.01  12194.639 12260.237
 12419.624 12520.148]","[12365.21   12343.05   12500.57   12688.84   12657.9    12720.78
 12560.25   12484.16   12698.09   12975.69   13017.43   12935.29
 13100.9795 13240.7705 13229.43   13276.42  ]","data_middle\NZ100_LJ,NZZH_JSZB\b7d23a6c.json"
"NZ100_LJ,NZZH_JSZB",321abe4a,"{'lookback': [20], 'hidden_size': [32], 'num_layers': [2], 'dropout_rate': [0.3], 'lr': [0.001], 'batch_size': [32], 'epochs': [100]}",0.23166093,0.081907056,0.9250449438631905,1.6526122,2.81012,-11.349117272676443,"[11047.764  11159.766  11207.372  11349.432  11515.787  11627.352
 11757.606  11719.733  11647.644  11766.161  11983.746  12117.223
 12110.143  12174.899  12315.9795 12397.998 ]","[12365.21   12343.05   12500.57   12688.84   12657.9    12720.78
 12560.25   12484.16   12698.09   12975.69   13017.43   12935.29
 13100.9795 13240.7705 13229.43   13276.42  ]","data_middle\NZ100_LJ,NZZH_JSZB\321abe4a.json"
"NZ100_LJ,NZZH_JSZB",a8c90de7,"{'lookback': [20], 'hidden_size': [32], 'num_layers': [2], 'dropout_rate': [0.3], 'lr': [0.001], 'batch_size': [64], 'epochs': [50]}",0.2651733,0.10518967,0.903738481439472,1.6112652,2.679222,-10.773882651130311,"[11170.916  11237.21   11253.241  11326.259  11442.18   11577.298
 11718.684  11721.055  11673.014  11750.815  11963.365  12140.628
 12206.8545 12300.889  12401.233  12437.695 ]","[12365.21   12343.05   12500.57   12688.84   12657.9    12720.78
 12560.25   12484.16   12698.09   12975.69   13017.43   12935.29
 13100.9795 13240.7705 13229.43   13276.42  ]","data_middle\NZ100_LJ,NZZH_JSZB\a8c90de7.json"
"NZ100_LJ,NZZH_JSZB",8033a514,"{'lookback': [20], 'hidden_size': [32], 'num_layers': [2], 'dropout_rate': [0.3], 'lr': [0.001], 'batch_size': [64], 'epochs': [100]}",0.2591592,0.10207612,0.9065877726916479,1.5834568,2.5796,-10.336093074912284,"[11190.527 11259.469 11276.967 11374.303 11517.349 11646.61  11771.276
 11748.108 11682.51  11761.521 11978.978 12146.218 12177.354 12251.613
 12378.277 12444.568]","[12365.21   12343.05   12500.57   12688.84   12657.9    12720.78
 12560.25   12484.16   12698.09   12975.69   13017.43   12935.29
 13100.9795 13240.7705 13229.43   13276.42  ]","data_middle\NZ100_LJ,NZZH_JSZB\8033a514.json"
"NZ100_LJ,NZZH_JSZB",2e5846a6,"{'lookback': [20], 'hidden_size': [32], 'num_layers': [2], 'dropout_rate': [0.3], 'lr': [0.0005], 'batch_size': [32], 'epochs': [50]}",0.25260618,0.09585575,0.9122801719470677,1.6405699,2.761519,-11.135538524143453,"[11169.98  11232.837 11242.035 11344.35  11493.695 11598.823 11709.659
 11678.325 11614.969 11706.684 11932.718 12104.187 12155.207 12251.998
 12371.385 12414.874]","[12365.21   12343.05   12500.57   12688.84   12657.9    12720.78
 12560.25   12484.16   12698.09   12975.69   13017.43   12935.29
 13100.9795 13240.7705 13229.43   13276.42  ]","data_middle\NZ100_LJ,NZZH_JSZB\2e5846a6.json"
"NZ100_LJ,NZZH_JSZB",eb479363,"{'lookback': [20], 'hidden_size': [32], 'num_layers': [2], 'dropout_rate': [0.3], 'lr': [0.0005], 'batch_size': [32], 'epochs': [100]}",0.25392556,0.0978284,0.9104749526420785,1.6005166,2.6581922,-10.681466896665706,"[11127.057 11200.357 11220.358 11331.134 11486.37  11620.01  11750.932
 11711.116 11640.816 11741.928 11960.291 12149.398 12212.927 12321.322
 12450.314 12506.899]","[12365.21   12343.05   12500.57   12688.84   12657.9    12720.78
 12560.25   12484.16   12698.09   12975.69   13017.43   12935.29
 13100.9795 13240.7705 13229.43   13276.42  ]","data_middle\NZ100_LJ,NZZH_JSZB\eb479363.json"
"NZ100_LJ,NZZH_JSZB",08593a31,"{'lookback': [20], 'hidden_size': [32], 'num_layers': [2], 'dropout_rate': [0.3], 'lr': [0.0005], 'batch_size': [64], 'epochs': [50]}",0.25951937,0.09910631,0.9093054977683676,1.5582701,2.5090413,-10.02602154350276,"[11181.09  11247.042 11260.561 11368.745 11520.433 11678.407 11827.329
 11812.383 11747.553 11819.351 11999.627 12147.571 12190.233 12257.622
 12370.932 12434.28 ]","[12365.21   12343.05   12500.57   12688.84   12657.9    12720.78
 12560.25   12484.16   12698.09   12975.69   13017.43   12935.29
 13100.9795 13240.7705 13229.43   13276.42  ]","data_middle\NZ100_LJ,NZZH_JSZB\08593a31.json"
"NZ100_LJ,NZZH_JSZB",6b1ce0f7,"{'lookback': [20], 'hidden_size': [32], 'num_layers': [2], 'dropout_rate': [0.3], 'lr': [0.0005], 'batch_size': [64], 'epochs': [100]}",0.24163748,0.08856044,0.918956279764559,1.5483409,2.4828334,-9.910850377563511,"[11147.405 11253.995 11278.313 11413.245 11583.076 11695.567 11807.219
 11728.225 11624.139 11748.169 12000.382 12189.486 12216.8   12297.13
 12446.866 12534.655]","[12365.21   12343.05   12500.57   12688.84   12657.9    12720.78
 12560.25   12484.16   12698.09   12975.69   13017.43   12935.29
 13100.9795 13240.7705 13229.43   13276.42  ]","data_middle\NZ100_LJ,NZZH_JSZB\6b1ce0f7.json"
"NZ100_LJ,NZZH_JSZB",4c5016bd,"{'lookback': [20], 'hidden_size': [64], 'num_layers': [1], 'dropout_rate': [0.2], 'lr': [0.001], 'batch_size': [32], 'epochs': [50]}",0.22020297,0.07709187,0.9294514324423778,1.4722211,2.2455347,-8.868037983535247,"[11173.462  11313.664  11302.747  11509.001  11715.742  11752.95
 11869.802  11680.675  11580.2295 11879.182  12222.766  12288.173
 12156.789  12298.129  12488.234  12511.374 ]","[12365.21   12343.05   12500.57   12688.84   12657.9    12720.78
 12560.25   12484.16   12698.09   12975.69   13017.43   12935.29
 13100.9795 13240.7705 13229.43   13276.42  ]","data_middle\NZ100_LJ,NZZH_JSZB\4c5016bd.json"
"NZ100_LJ,NZZH_JSZB",5d366077,"{'lookback': [20], 'hidden_size': [64], 'num_layers': [1], 'dropout_rate': [0.2], 'lr': [0.001], 'batch_size': [32], 'epochs': [100]}",0.22248338,0.078723386,0.9279583941009227,1.4839627,2.300788,-9.110848515993602,"[11139.63  11279.236 11265.924 11465.106 11662.683 11723.354 11838.988
 11664.991 11560.6   11842.34  12234.587 12340.05  12221.992 12340.6
 12511.259 12531.536]","[12365.21   12343.05   12500.57   12688.84   12657.9    12720.78
 12560.25   12484.16   12698.09   12975.69   13017.43   12935.29
 13100.9795 13240.7705 13229.43   13276.42  ]","data_middle\NZ100_LJ,NZZH_JSZB\5d366077.json"
"NZ100_LJ,NZZH_JSZB",e59e8603,"{'lookback': [20], 'hidden_size': [64], 'num_layers': [1], 'dropout_rate': [0.2], 'lr': [0.001], 'batch_size': [64], 'epochs': [50]}",0.21844842,0.075392194,0.9310068473314737,1.4580097,2.2115543,-8.718709929914581,"[11149.151 11312.312 11305.491 11524.945 11732.296 11767.057 11878.421
 11677.089 11573.306 11876.367 12228.263 12302.146 12164.641 12324.096
 12523.842 12548.793]","[12365.21   12343.05   12500.57   12688.84   12657.9    12720.78
 12560.25   12484.16   12698.09   12975.69   13017.43   12935.29
 13100.9795 13240.7705 13229.43   13276.42  ]","data_middle\NZ100_LJ,NZZH_JSZB\e59e8603.json"
"NZ100_LJ,NZZH_JSZB",e7973eee,"{'lookback': [20], 'hidden_size': [64], 'num_layers': [1], 'dropout_rate': [0.2], 'lr': [0.001], 'batch_size': [64], 'epochs': [100]}",0.22275792,0.081165425,0.9257236288911413,1.4528904,2.223327,-8.770444850566442,"[11161.632  11283.7    11266.823  11453.083  11643.6875 11722.064
 11849.598  11666.542  11562.91   11879.078  12255.607  12366.13
 12261.148  12390.077  12572.934  12605.542 ]","[12365.21   12343.05   12500.57   12688.84   12657.9    12720.78
 12560.25   12484.16   12698.09   12975.69   13017.43   12935.29
 13100.9795 13240.7705 13229.43   13276.42  ]","data_middle\NZ100_LJ,NZZH_JSZB\e7973eee.json"
